dataset,strategy,budget_fraction,seed,accuracy,log_loss,macro_f1,balanced_acc,mcc,pr_auc,macro_auc,top2_accuracy,n_classes
higgs,random,0.1,1,0.674,0.599856588200521,0.6739830992838669,0.6757992670739833,0.35134482708512693,0.7626785415207082,0.7391426966405765,,2
higgs,stratified,0.1,1,0.6848,0.593598092461195,0.6831298535066688,0.6828815592006551,0.36658645039483817,0.7673395333467469,0.7493425087939725,,2
higgs,random,0.1,2,0.6841,0.5924852783147421,0.6838609198206143,0.684767449532077,0.36893076705404826,0.7654434129767083,0.7496482691930767,,2
higgs,stratified,0.1,2,0.691,0.5795412850386897,0.6892800532354775,0.6889986132226865,0.37897158759703103,0.7819143273778864,0.7617509873504527,,2
higgs,random,0.1,3,0.689,0.5836401702163924,0.6868739492657667,0.6865329459538898,0.3746300882970406,0.7745496503009572,0.7586410320743822,,2
higgs,stratified,0.1,3,0.6815,0.5911109088420596,0.679918126574161,0.6797027185426365,0.36007143117930396,0.7735305266852948,0.7527668526993359,,2
higgs,random,0.1,4,0.6753,0.6098599404435021,0.675299840896922,0.6775568977603683,0.3551426790593154,0.7679747116028041,0.7424241931721884,,2
higgs,stratified,0.1,4,0.681,0.5940141405583401,0.6792339777572998,0.6789772649746346,0.35886399632406013,0.7686857535638566,0.7476539842117033,,2
higgs,random,0.25,1,0.692,0.5743515726916772,0.6915685784648135,0.6921252430552378,0.38368079712461767,0.7868147689626971,0.7653409732097868,,2
higgs,stratified,0.25,1,0.6973,0.5713458073427758,0.6963306113942231,0.6963465344452593,0.3926619086144497,0.7902426675533951,0.7705247938414823,,2
higgs,random,0.25,2,0.6937,0.572253354253653,0.6924988235294118,0.6923903905755006,0.3850367904775388,0.7856397378903829,0.7681555620942826,,2
higgs,stratified,0.25,2,0.7018,0.5635629352366774,0.700772464612581,0.7007407917520861,0.4015476911669535,0.7947913827487687,0.7765017494840318,,2
higgs,random,0.25,3,0.6961,0.5694299836452632,0.695703437677015,0.6963133057262072,0.3920278851027282,0.7926624571942615,0.7723063829158795,,2
higgs,stratified,0.25,3,0.6958,0.5733083650710076,0.6943362865150575,0.6941127859776732,0.3888740747823835,0.7904018014936631,0.7708939215683441,,2
higgs,random,0.25,4,0.6908,0.5728317045500009,0.6891159535557735,0.6888438669175354,0.37860583199875597,0.7918522152990443,0.7682677491523868,,2
higgs,stratified,0.25,4,0.6909,0.5744297398163357,0.6891467847575001,0.6888581135301726,0.37873922189444786,0.7877898659609787,0.7680378569819879,,2
higgs,random,0.5,1,0.7034,0.5618728188786498,0.7030485995908118,0.7037348277588544,0.4068298940590427,0.7961486186529584,0.7786263809382089,,2
higgs,stratified,0.5,1,0.7065,0.559190595424446,0.7051566198491879,0.7049454687825816,0.41046396121792084,0.7980616608749846,0.7815577519150259,,2
higgs,random,0.5,2,0.7014,0.5612436609843399,0.6992166012773362,0.698812964208817,0.3995430855884979,0.799413840593132,0.7794398223884835,,2
higgs,stratified,0.5,2,0.7036,0.5597123673348215,0.7020294688432,0.7017432717060988,0.4043947907543609,0.7981881432231706,0.7807814319202139,,2
higgs,random,0.5,3,0.7056,0.5629329409363314,0.7047707008988248,0.7048746370324281,0.4095663774087459,0.7998782050091934,0.7797330618209883,,2
higgs,stratified,0.5,3,0.7009,0.5619796257059175,0.699388885041214,0.6991319679379782,0.3990424437493426,0.8002399303174922,0.7787109777253609,,2
higgs,random,0.5,4,0.7061,0.5628117441987555,0.7051045479631499,0.7050836007282066,0.41021024432396996,0.8025933110112615,0.7820814654218258,,2
higgs,stratified,0.5,4,0.7037,0.5625789240840333,0.7030579370243308,0.7033414205935549,0.4062774296871667,0.7966723709883707,0.7801211114573104,,2
higgs,random,1.0,1,0.7099,0.5505822696840833,0.7087180682182284,0.7085747030564482,0.41749641398590226,0.8049173901135742,0.7881354129695703,,2
higgs,stratified,1.0,1,0.7071,0.5577743718139624,0.7056701189481609,0.7054211852507508,0.4115625022818963,0.8000618899434888,0.7839161482103606,,2
higgs,random,1.0,2,0.7077,0.5503835403248113,0.7065166015666673,0.7063789589329954,0.41308964902782097,0.8086203961292235,0.7887547393062517,,2
higgs,stratified,1.0,2,0.7127,0.5547724864596134,0.7109277297087944,0.7105460329323895,0.42249501114552673,0.8031657429155779,0.7864373371371388,,2
higgs,random,1.0,3,0.707,0.5567139669903031,0.7051972101876278,0.7048330610023098,0.4110227553757792,0.8045701402718828,0.7856778722896722,,2
higgs,stratified,1.0,3,0.711,0.5541911162151185,0.7097509538648237,0.7095692771437299,0.4196027648654718,0.8065719755045712,0.7867251789093628,,2
higgs,random,1.0,4,0.7085,0.5564576606631745,0.7068905919310811,0.7065732747031046,0.4141886341460792,0.8057584739205969,0.7859263853847573,,2
higgs,stratified,1.0,4,0.7097,0.5563941549484467,0.7085172533738424,0.7083740465404329,0.4170947671195675,0.8050139907176379,0.7863481653814215,,2
MiniBooNE,random,0.1,1,0.9215,0.19492644905414933,0.9038042997615363,0.9081609248698774,0.8078694825040839,0.9177458035131288,0.9710246728930481,,2
MiniBooNE,stratified,0.1,1,0.9224,0.19737910390434335,0.9044324429983858,0.9067213887553003,0.8089376003193195,0.91606073180909,0.9705689196925211,,2
MiniBooNE,random,0.1,2,0.9262,0.19696285844685654,0.908341886848581,0.9071887339394058,0.8167023448140617,0.9203809022110248,0.9711943914218528,,2
MiniBooNE,stratified,0.1,2,0.923,0.1945140494018263,0.9050495113773869,0.9068123412418403,0.8101421895120161,0.9284200555485389,0.9723982734087229,,2
MiniBooNE,random,0.1,3,0.9221,0.19397681489992427,0.9031753982384063,0.9017306435175745,0.8063805501025304,0.9253404815030049,0.9721279424070624,,2
MiniBooNE,stratified,0.1,3,0.9237,0.18608270884155476,0.9057811582296287,0.9069727960914605,0.8115820559606811,0.9273684113376819,0.9738365215251245,,2
MiniBooNE,random,0.1,4,0.9252,0.18889096456997148,0.9082901352897058,0.9124715079942083,0.8168171109356586,0.9273167002693361,0.9732591020354135,,2
MiniBooNE,stratified,0.1,4,0.9227,0.18635568934435887,0.9046488896424875,0.9062777724606571,0.8093347165663092,0.9284820073281893,0.9736425291845525,,2
MiniBooNE,random,0.25,1,0.9316,0.1736176272791466,0.9160662005019438,0.919962901689477,0.8323330113835768,0.9335265758095969,0.9767410069490474,,2
MiniBooNE,stratified,0.25,1,0.9307,0.17672389827345122,0.9140343468882313,0.913359582736148,0.8280749077436709,0.9372907589977704,0.9770336302268204,,2
MiniBooNE,random,0.25,2,0.9286,0.17570713079461533,0.9115931844238978,0.9116826586501661,0.8231864785681929,0.9353412019091497,0.9768211105278791,,2
MiniBooNE,stratified,0.25,2,0.9319,0.17026300693695226,0.9167407472286864,0.9222364661610184,0.8338762287816411,0.9405494194863034,0.9780913987283694,,2
MiniBooNE,random,0.25,3,0.9322,0.17731942358952132,0.9172196386664089,0.9233144710954385,0.8349224622291406,0.9326419569669484,0.9766370010963837,,2
MiniBooNE,stratified,0.25,3,0.9334,0.16879468434463774,0.9179618632541036,0.9202357591490968,0.8359922018481236,0.9392867719170206,0.9782210654677583,,2
MiniBooNE,random,0.25,4,0.9317,0.17313499617362174,0.9157324764481833,0.9173152232863728,0.8314985100613524,0.9383420109331126,0.9777310812388006,,2
MiniBooNE,stratified,0.25,4,0.9312,0.17007105285571997,0.9148679215399007,0.9152287157806132,0.8297376040643893,0.9433496812048894,0.9780399531089403,,2
MiniBooNE,random,0.5,1,0.9331,0.165823742158776,0.9178112797347642,0.921222811596977,0.8357758208994089,0.9406402115168837,0.9791108740533956,,2
MiniBooNE,stratified,0.5,1,0.9329,0.16599294016260566,0.9171774172415708,0.9185840005659266,0.8343812317241284,0.941888797513146,0.9790146704973715,,2
MiniBooNE,random,0.5,2,0.9334,0.16734717882308914,0.9183610787987693,0.9227355654539866,0.8369723894975404,0.9395968847969991,0.9790911577736336,,2
MiniBooNE,stratified,0.5,2,0.9327,0.1717144624205126,0.9184597830867877,0.9280094721367355,0.8380801657478649,0.9428086385877454,0.979191473016141,,2
MiniBooNE,random,0.5,3,0.936,0.16096701151690476,0.9213323120300743,0.9245426268940756,0.8427988848796174,0.9442971801936647,0.980481006881675,,2
MiniBooNE,stratified,0.5,3,0.9337,0.16469290427180713,0.9185656539972061,0.9220745746980487,0.8372929474995396,0.9436385272661133,0.9793911375025239,,2
MiniBooNE,random,0.5,4,0.9332,0.16682707497569904,0.9178906006813901,0.9210749394987626,0.8359148574940468,0.9421448627858974,0.9792276112726392,,2
MiniBooNE,stratified,0.5,4,0.9346,0.165681174856515,0.9194055590644123,0.9215045364286505,0.8388692332580012,0.9452124302542056,0.9793453392597101,,2
MiniBooNE,random,1.0,1,0.9372,0.15962645262300976,0.9228073311795104,0.926028778634924,0.8457491823305762,0.9450492738281665,0.9804747155059722,,2
MiniBooNE,stratified,1.0,1,0.9349,0.1626665005136901,0.9195941229899411,0.9207348584420652,0.8392054899066094,0.9441288639696499,0.9798427047089807,,2
MiniBooNE,random,1.0,2,0.9332,0.17093232056993599,0.9193179185143829,0.93031335410379,0.8401591799070676,0.9407056025706314,0.9789468276704018,,2
MiniBooNE,stratified,1.0,2,0.9348,0.17143486344267284,0.9214388015975974,0.9335991365260232,0.8447178069870385,0.9435186322375915,0.9793404349589654,,2
MiniBooNE,random,1.0,3,0.9348,0.16303867401564104,0.9195139591187202,0.9208827305402796,0.8390527212533899,0.9430097068662436,0.9794258886840641,,2
MiniBooNE,stratified,1.0,3,0.9343,0.16523342123412638,0.9187302332475704,0.9192309719571092,0.837463810821668,0.9399259182225194,0.9790943282306809,,2
MiniBooNE,random,1.0,4,0.9349,0.1613049499489078,0.920540955223925,0.9268213433583186,0.8415888719874266,0.9458066928440665,0.9805523917036272,,2
MiniBooNE,stratified,1.0,4,0.9344,0.16192427974420578,0.9197721332907735,0.9251695847751482,0.8399213842513152,0.9470103286192151,0.9805459021743589,,2
covertype,random,0.1,1,0.7568,0.6015130039883022,0.48924736994620666,0.47564069769390355,0.6034823516061811,0.6305764153906538,0.9408232091186944,0.9637,7
covertype,stratified,0.1,1,0.7256,0.647313812208415,0.4292656553722153,0.4332943578326515,0.5513422779942496,0.538405721083876,0.9300476814620201,0.9604,7
covertype,random,0.1,2,0.7328,0.6637795554792698,0.42578713201054547,0.43674271622135546,0.5658354935541094,0.54892155515382,0.9335030865884264,0.9595,7
covertype,stratified,0.1,2,0.7366,0.6359409059192802,0.5341977309203535,0.5120576011011589,0.5694165090900332,0.5862467103639216,0.9391811656821044,0.9562,7
covertype,random,0.1,3,0.7401,0.6284807064424038,0.5467859124349398,0.5249906349449815,0.5729673761277044,0.6135294137230992,0.9406936340473538,0.9629,7
covertype,stratified,0.1,3,0.7163,0.6536593963904399,0.4659140379011998,0.4350396306308535,0.5303556928561686,0.5604603684742776,0.9342733716891024,0.9597,7
covertype,random,0.1,4,0.7289,0.654407200334682,0.49136926157247673,0.45703277331013775,0.5540563374077666,0.5436700011281003,0.9333303050589385,0.9568,7
covertype,stratified,0.1,4,0.7359,0.6528925875982502,0.4362516125261053,0.43430568174410566,0.5656646816999602,0.5866503102035231,0.9315196337435309,0.9559,7
covertype,random,0.25,1,0.7782,0.5411582681336595,0.59310921618018,0.558709350595725,0.639741216708307,0.7029489858932492,0.9547642004811335,0.9734,7
covertype,stratified,0.25,1,0.7725,0.55868126264822,0.5726661571511371,0.5590672389677308,0.6319497164531978,0.6477103265948561,0.9535866136879283,0.9701,7
covertype,random,0.25,2,0.7701,0.5548683083552441,0.5750376659930844,0.5469216143375916,0.6279668524710083,0.6830246502220243,0.9538005789637537,0.9714,7
covertype,stratified,0.25,2,0.7694,0.5449040380356751,0.6168706745494148,0.5795204562128582,0.6250320126260114,0.6863312303906718,0.9566218890910431,0.9733,7
covertype,random,0.25,3,0.7796,0.5525481877567261,0.6430263922697226,0.615667000487042,0.643611287086703,0.6927607278593114,0.9552004233414454,0.9718,7
covertype,stratified,0.25,3,0.7823,0.532958913690636,0.6011818594377937,0.5696452209382864,0.6470638325367268,0.6983343264943572,0.95801920065174,0.9725,7
covertype,random,0.25,4,0.7748,0.5518212043713766,0.5899468125681909,0.5674383726875674,0.6322539230215164,0.6566969341290098,0.9516190589143863,0.9667,7
covertype,stratified,0.25,4,0.7779,0.5429161138924558,0.5950427160699286,0.5834430212648538,0.6355235167777774,0.6883095345987401,0.9555482259159053,0.9731,7
covertype,random,0.5,1,0.813,0.4627770736261645,0.6752149477883734,0.638950514930294,0.697740440821183,0.758602696145096,0.9684046986390182,0.9767,7
covertype,stratified,0.5,1,0.8115,0.45622293851346324,0.6743555727016621,0.647555127816317,0.6960710330649355,0.7466562335640922,0.9677572161333367,0.9784,7
covertype,random,0.5,2,0.8171,0.4569699847171092,0.6769611121498659,0.6344105943203794,0.7027003691707323,0.7618210513962562,0.9683853966754791,0.9806,7
covertype,stratified,0.5,2,0.8124,0.456487992298043,0.6942807994876897,0.6604219162171245,0.6966600975572376,0.7722538717760984,0.9696224728384671,0.9817,7
covertype,random,0.5,3,0.8184,0.4659512920960782,0.68463942830936,0.6621007554975245,0.7067559481406395,0.7612594697381301,0.9681651004579589,0.9766,7
covertype,stratified,0.5,3,0.8233,0.44392043170184986,0.6866559613224065,0.6466729604245579,0.713857148703701,0.7535357719057394,0.9698996333592248,0.9787,7
covertype,random,0.5,4,0.8285,0.44320621128905624,0.6689933682808158,0.6355321321283014,0.7207625823180662,0.7519189206930488,0.9697988570372418,0.9769,7
covertype,stratified,0.5,4,0.8247,0.44923666921080857,0.6987028789053579,0.6645241386109905,0.7152784758519742,0.7526241464347831,0.9688983102280548,0.9795,7
covertype,random,1.0,1,0.8398,0.3980328159518022,0.7300137913761363,0.691952168413051,0.7433121059694648,0.8118708937561305,0.977992545572412,0.9815,7
covertype,stratified,1.0,1,0.8367,0.39339744314918584,0.7343168995955309,0.6982676242645922,0.7393758406893467,0.8246335110705945,0.9778597634812011,0.9846,7
covertype,random,1.0,2,0.8505,0.3809857771018668,0.7236941575061321,0.6822251588646403,0.7578722835100293,0.8141017621357537,0.9795424327845944,0.9862,7
covertype,stratified,1.0,2,0.8066,0.49091480208707017,0.6428792544783036,0.627517195889298,0.6862474364009308,0.7605127639310538,0.9669487888197198,0.9821,7
covertype,random,1.0,3,0.8363,0.4007683074166354,0.7224224526640505,0.6998350834104671,0.735663522275609,0.8118032078741291,0.9757279843134085,0.9844,7
covertype,stratified,1.0,3,0.8564,0.36809536437099316,0.7412731232374277,0.7065075885403103,0.7679823445322619,0.8218076131698255,0.9791818416657357,0.9845,7
covertype,random,1.0,4,0.8485,0.3836450687367311,0.7158879987688586,0.6700473605835396,0.7541407557104515,0.8176381382060266,0.978690528652271,0.9845,7
covertype,stratified,1.0,4,0.8484,0.3801888485239284,0.7331278233615864,0.6957353473040758,0.7540942928477793,0.8060083365520399,0.9783791404135912,0.9853,7
bank-marketing,random,0.1,1,0.8989273471193188,0.24383569585824869,0.6689838154418914,0.6303687324887283,0.3862084621963912,0.554122410251506,0.8899639328466773,,2
bank-marketing,stratified,0.1,1,0.8984850160345018,0.22625445512271652,0.6955504717029569,0.6608661916897586,0.4148392825895677,0.5637224253513442,0.9079801092075998,,2
bank-marketing,random,0.1,2,0.9009178370009953,0.22407494880186762,0.708206785006998,0.6737230014216163,0.43673553757385636,0.5789024258612432,0.9114099806702785,,2
bank-marketing,stratified,0.1,2,0.9001437576025655,0.22570735189611296,0.7305858119479282,0.7077223598595191,0.46733728326815444,0.549976566619934,0.9139130198043828,,2
bank-marketing,random,0.1,3,0.8983744332632976,0.22693970196728533,0.6920461887157698,0.6567038504379076,0.41017623906365186,0.5442763671743495,0.9075808492530301,,2
bank-marketing,stratified,0.1,3,0.9032400751962845,0.23274094184905725,0.7272463540609386,0.696766503356364,0.46696031117898334,0.564418079901039,0.9102041516880066,,2
bank-marketing,random,0.1,4,0.8994802609753401,0.22359159512524493,0.6937158193546079,0.6573300245143008,0.4151479368225556,0.5671383594700347,0.9093721332413209,,2
bank-marketing,stratified,0.1,4,0.8997014265177485,0.22277694818568108,0.7138261684339695,0.6832835195481131,0.44175159517105095,0.5618457854687333,0.9119781537452667,,2
bank-marketing,random,0.25,1,0.9036824062811014,0.2206073307874211,0.723495936526238,0.6904574148361827,0.46271300480843064,0.5697444392341504,0.9153677796151337,,2
bank-marketing,stratified,0.25,1,0.9002543403737697,0.21829232292764855,0.7056293857211529,0.6712974350536747,0.4318956144549577,0.5646702448258454,0.9168470418897435,,2
bank-marketing,random,0.25,2,0.9052305650779608,0.21373207144890827,0.7271007510226084,0.6929739480808179,0.47072479260521455,0.6036312640943543,0.9214865301551941,,2
bank-marketing,stratified,0.25,2,0.9014707508570164,0.21652399551685308,0.7359145446502255,0.7138034097486663,0.4773257615147908,0.580320636092827,0.9213711199993371,,2
bank-marketing,random,0.25,3,0.9020236647130377,0.21543484436026386,0.7231239283796852,0.6927979327969622,0.4589991373315867,0.575850641719039,0.920009516899006,,2
bank-marketing,stratified,0.25,3,0.9043459029083268,0.21022379129582644,0.736416318395219,0.70887190419655,0.4819282588737572,0.5993695599487032,0.9235015322917615,,2
bank-marketing,random,0.25,4,0.9041247373659184,0.2141109146309984,0.7198728411196781,0.6845582987004224,0.45900840279510674,0.5942745268354432,0.921864483619452,,2
bank-marketing,stratified,0.25,4,0.9020236647130377,0.21585047234242033,0.7225662515599398,0.6919779880281198,0.4582190721239609,0.582198529369426,0.9184799476333817,,2
bank-marketing,random,0.5,1,0.9058940617051864,0.21545572896924037,0.7227147974105755,0.6855601772226516,0.46683332879999734,0.5901139833052226,0.920772525990959,,2
bank-marketing,stratified,0.5,1,0.9060046444763906,0.20792680854761936,0.7343739719218199,0.7024316623915589,0.48193441215044264,0.5956126352307202,0.9251944513164451,,2
bank-marketing,random,0.5,2,0.9082162999004755,0.20721351231878726,0.7347426551144548,0.6987643419312913,0.48716430255507015,0.6257866949800663,0.9289001234592744,,2
bank-marketing,stratified,0.5,2,0.9074422205020458,0.2101687050686893,0.7537667726456518,0.7315337832159307,0.5124680301279554,0.6002885933488217,0.9263207360682186,,2
bank-marketing,random,0.5,3,0.9047882339931439,0.20670765355352766,0.7252613987512734,0.6910835889125759,0.4673808963487718,0.6015597095416776,0.9275176873461938,,2
bank-marketing,stratified,0.5,3,0.908879796527701,0.20701738397584266,0.7528679715560262,0.7266081961333455,0.5129774330734285,0.6131085458373743,0.9289203646250709,,2
bank-marketing,random,0.5,4,0.9046776512219397,0.21313586708390242,0.7504618098078595,0.7320182099470534,0.504253627007204,0.6088651953681296,0.9266965588834452,,2
bank-marketing,stratified,0.5,4,0.9064469755612076,0.20894521852533934,0.7609467839463168,0.7473691219240235,0.5235082919650944,0.6132863967152938,0.926582214052104,,2
bank-marketing,random,1.0,1,0.9097644586973349,0.20568011300908248,0.7609440882135923,0.7389983345426739,0.5264707217137088,0.6196127864849447,0.9285499868018129,,2
bank-marketing,stratified,1.0,1,0.9067787238748203,0.2030438390528204,0.7446097516222514,0.7172190176997749,0.4976731973824585,0.6213664044878244,0.9308132687352113,,2
bank-marketing,random,1.0,2,0.9106491208669689,0.20256106504367877,0.7500074586401297,0.7177707374294666,0.5119750523868474,0.6385187048317185,0.9321888986083311,,2
bank-marketing,stratified,1.0,2,0.9106491208669689,0.20364309879831474,0.7588153168961549,0.7329397156530498,0.5243632705839456,0.6273457090470752,0.9316596690628577,,2
bank-marketing,random,1.0,3,0.9074422205020458,0.20197104955756243,0.7464274758099934,0.7188246392988744,0.5013518570296289,0.6262290797907264,0.9307380449874705,,2
bank-marketing,stratified,1.0,3,0.9094327103837222,0.20203030575356123,0.7509180130942794,0.7220016145584881,0.5110153794744401,0.6278518431457218,0.9320752639933333,,2
bank-marketing,random,1.0,4,0.9054517306203693,0.20882492482163906,0.7532739187894866,0.7353263384914768,0.5096304820312131,0.6153044681030022,0.9304972816469445,,2
bank-marketing,stratified,1.0,4,0.90755280327325,0.20739751900818457,0.7590842435932539,0.7410257654652568,0.5211847125476068,0.6227031862600328,0.9286109470379834,,2
higgs,prototype,0.1,1,0.6125,0.6381431815429311,0.6124355053924524,0.6152508824472261,0.23092115605558564,0.7161687727737077,0.6687689851162628,,2
higgs,prototype,0.1,2,0.6156,0.6423327738871559,0.6132953018719083,0.6220510916436834,0.2493486882430157,0.7103300880726654,0.6696078096158135,,2
higgs,prototype,0.1,3,0.6162,0.6444531129915124,0.6022925688397575,0.6289542376328566,0.2853803199122269,0.7199865074250856,0.663781767738959,,2
higgs,prototype,0.1,4,0.6233,0.6373813029417522,0.6135925760947976,0.6344419926893607,0.289474657822004,0.7301352588650665,0.6921916603620389,,2
higgs,prototype,0.25,1,0.6527,0.6098097493475112,0.652376623353875,0.6565928668053284,0.3148803384773516,0.754242100472102,0.7196278471755028,,2
higgs,prototype,0.25,2,0.6563,0.6087077484047612,0.6556955356393237,0.6608589045984212,0.3244322830026465,0.7596198055146732,0.7255340312648535,,2
higgs,prototype,0.25,3,0.6683,0.609996942744099,0.6677277441072889,0.6728753404539107,0.3486279237649325,0.7659389122859723,0.7333978604557536,,2
higgs,prototype,0.25,4,0.6639,0.6088587410617798,0.6632270974311061,0.6686445379450301,0.34041473596279326,0.7632914826092767,0.7285105700234255,,2
higgs,prototype,0.5,1,0.6747,0.5874949618584778,0.6735981948023568,0.6735805277137952,0.347197486442251,0.7789400432132297,0.7514174978260874,,2
higgs,prototype,0.5,2,0.6778,0.5904425703781607,0.6765647230528724,0.6764783689867857,0.35315824622993625,0.7734596982656166,0.7461380844301619,,2
higgs,prototype,0.5,3,0.6631,0.5989969303496624,0.6630992419732944,0.6653627604942957,0.33078396842283514,0.7692814943573598,0.7368691379202128,,2
higgs,prototype,0.5,4,0.6576,0.6040725329733726,0.6573078069284995,0.6580829019619552,0.31564838546847646,0.7623225651445167,0.7275821323238224,,2
higgs,prototype,1.0,1,0.6814,0.5853475014698499,0.6813668494070123,0.6842221052528505,0.3689535236179663,0.7861550709645093,0.7557333987634101,,2
higgs,prototype,1.0,2,0.6857,0.5776860723168554,0.6856666523751505,0.6873597711937827,0.37435684970949484,0.7899683612531955,0.7605306947483053,,2
higgs,prototype,1.0,3,0.6778,0.5825617114318251,0.6777215703213535,0.6809201818879081,0.36266776066209866,0.7839969734462816,0.7568723452139647,,2
higgs,prototype,1.0,4,0.689,0.5807057003436102,0.6888023770615291,0.6898155260306882,0.37901826021061896,0.788070380651833,0.7598669229933265,,2
MiniBooNE,prototype,0.1,1,0.7775,0.45665571300106284,0.7458073608910218,0.771015176383424,0.5054664608003588,0.6686689133225096,0.8506281517563044,,2
MiniBooNE,prototype,0.1,2,0.7984,0.4241561865544533,0.7475514494153211,0.7448921460050953,0.49532144032047376,0.7011789861914676,0.8515163255750268,,2
MiniBooNE,prototype,0.1,3,0.7702,0.4583644091867129,0.7346555140385478,0.7549640935831733,0.47927739532485475,0.660434606097161,0.8414347675490248,,2
MiniBooNE,prototype,0.1,4,0.7197,0.5310569036966659,0.6930808230536487,0.7312775594455743,0.4204143120781942,0.6182744754629724,0.8136495259869483,,2
MiniBooNE,prototype,0.25,1,0.8674,0.3155013712009069,0.8394240073751609,0.8474097663155187,0.6799388964447396,0.8280994191994895,0.9294817531280026,,2
MiniBooNE,prototype,0.25,2,0.8323,0.35608913258217645,0.7872658882983034,0.7807351041524863,0.5756166357153777,0.7801233292938067,0.9022708844445685,,2
MiniBooNE,prototype,0.25,3,0.8405,0.3383325123755247,0.8001577463286629,0.7967595848365758,0.6005785632753498,0.8009842688479067,0.9112358718984757,,2
MiniBooNE,prototype,0.25,4,0.8267,0.37892389293752643,0.7911239641185923,0.7995586030252897,0.5837452427228964,0.7662717087775662,0.8956911953039189,,2
MiniBooNE,prototype,0.5,1,0.9051,0.23970118312406552,0.8814165620127216,0.8780683336533514,0.7630088877108399,0.898151078887581,0.9571568460768862,,2
MiniBooNE,prototype,0.5,2,0.9015,0.2509628504680013,0.8761949372427109,0.8707840104339741,0.7528656248527421,0.8937964679188649,0.9568856233841815,,2
MiniBooNE,prototype,0.5,3,0.8968,0.26037711056654256,0.8707413210687889,0.8666479015240189,0.7417584341433658,0.8896707341411076,0.951656400330441,,2
MiniBooNE,prototype,0.5,4,0.8962,0.25977449436142935,0.8677208221189137,0.857753283355041,0.7371751920870935,0.8854137276743321,0.9533297576522448,,2
MiniBooNE,prototype,1.0,1,0.9056,0.219623795142565,0.8795286753401936,0.8687426819411361,0.7609979611215685,0.9096366055643698,0.9653827207316781,,2
MiniBooNE,prototype,1.0,2,0.9069,0.2170080724247406,0.8796113616822672,0.8644292255901063,0.7632016884020065,0.9168318547081544,0.9683855646316494,,2
MiniBooNE,prototype,1.0,3,0.9166,0.21378701811192855,0.8960067333769756,0.8933431498609655,0.7921181171042387,0.916075268497364,0.9677047585191666,,2
MiniBooNE,prototype,1.0,4,0.9128,0.21270452529004333,0.8917941820114181,0.8910281217558547,0.7835970528036931,0.9174751157806911,0.9679557200098047,,2
bank-marketing,prototype,0.1,1,0.8701758266062147,0.3528256350445759,0.705406063875366,0.7194511092987442,0.4126495010710057,0.43540935774704836,0.856718764981126,,2
bank-marketing,prototype,0.1,2,0.8768107928784695,0.3226097732160656,0.7301172664476292,0.7551859997419548,0.46490068340505514,0.47680840196853436,0.8839431921620523,,2
bank-marketing,prototype,0.1,3,0.8727192303439124,0.32514959444297226,0.7130063851124647,0.729090757362872,0.42827583864592184,0.44619814329115676,0.8685705002172079,,2
bank-marketing,prototype,0.1,4,0.868959416122968,0.3616419635778718,0.6898552637348373,0.6941639747494416,0.37992228432328334,0.4319298268857306,0.8521531984001194,,2
bank-marketing,prototype,0.25,1,0.872055733716687,0.27784402851489587,0.7227628412177601,0.7500336169069368,0.45115588544495033,0.46738021038605754,0.8854251769326466,,2
bank-marketing,prototype,0.25,2,0.8805706070994139,0.290570010465454,0.7379797523223403,0.7634645773680092,0.4805882919669381,0.4989633187232293,0.8903134776571857,,2
bank-marketing,prototype,0.25,3,0.8858785801172178,0.2741844507511935,0.720851983330761,0.7185034439574202,0.4417589548031518,0.4887484910495046,0.8899180055231157,,2
bank-marketing,prototype,0.25,4,0.8863209112020347,0.27213986006341956,0.7246777176994461,0.7244935269698738,0.4493557584875868,0.4891818387654063,0.8878976767639701,,2
bank-marketing,prototype,0.5,1,0.8897489771093664,0.23933825806608738,0.7543229064495602,0.7768612698904964,0.5120747068745412,0.5689662090687336,0.9125443145406142,,2
bank-marketing,prototype,0.5,2,0.8937299568727193,0.2407639581882371,0.7548860272261578,0.7676362698017194,0.5109478817582429,0.5602920321666929,0.910989295856006,,2
bank-marketing,prototype,0.5,3,0.8879796527700984,0.23838465777887433,0.7543226451700298,0.7815990047501636,0.5135053494052089,0.5476289796528853,0.9144929114490425,,2
bank-marketing,prototype,0.5,4,0.8956098639831914,0.22894611101016993,0.7583866510070412,0.7703406552692726,0.5177958856871879,0.5536310875575144,0.9159199136376925,,2
bank-marketing,prototype,1.0,1,0.900807254229791,0.20893339176925513,0.7533561168683145,0.7466354684409449,0.5070995878806155,0.6101414027929764,0.9254939258747201,,2
bank-marketing,prototype,1.0,2,0.8989273471193188,0.21325658829300553,0.7550084346343111,0.7545903649683421,0.5100182742343381,0.5775565066724105,0.9222574699963187,,2
bank-marketing,prototype,1.0,3,0.9040141545947141,0.20865088370637838,0.7736321300484383,0.7808391916317576,0.5476228598510456,0.5936447429973097,0.9272273272309967,,2
bank-marketing,prototype,1.0,4,0.9020236647130377,0.21145299509431298,0.7689378654641892,0.7760223268344593,0.5382302061388419,0.60727027164708,0.9251803653589611,,2
higgs,coreset,0.1,1,0.6507,0.6236952732686185,0.6416753463539122,0.6437285367757644,0.2972244026978212,0.7241601910943913,0.7096936039210531,,2
higgs,coreset,0.1,2,0.6417,0.6577108985110822,0.6316347548897351,0.6343202343154426,0.27882369680705743,0.7143842186272962,0.7039810533696569,,2
higgs,coreset,0.1,3,0.6188,0.6447433331463962,0.6186017339253638,0.6221397015611558,0.24517839806462402,0.6866304054283426,0.6772334996535062,,2
higgs,coreset,0.1,4,0.6608,0.6144806743599918,0.6581162260498422,0.6578845730615257,0.31754677724202224,0.7284788766660155,0.7179901689543917,,2
higgs,coreset,0.25,1,0.6708,0.6006805619883382,0.6680389337491224,0.6677681906769846,0.33764376295497867,0.7466819559355198,0.7343018381260544,,2
higgs,coreset,0.25,2,0.6417,0.6649901489862977,0.6178744367394009,0.6294767070692575,0.2882424926954385,0.7012838075192026,0.7000637967327019,,2
higgs,coreset,0.25,3,0.6365,0.6383153547588354,0.6203745709279671,0.6267617441449633,0.2707428903811436,0.7253798263298068,0.708856464936237,,2
higgs,coreset,0.25,4,0.6515,0.6230223957276716,0.6320882047467884,0.640456631625618,0.30632163556836567,0.7255195098171285,0.716269840314334,,2
higgs,coreset,0.5,1,0.6787,0.5907726732102425,0.6698528181668619,0.6715335102000128,0.3557372562214883,0.7606436947184609,0.7488085818705073,,2
higgs,coreset,0.5,2,0.6531,0.6212650212448645,0.6332762915342482,0.6419011980157158,0.31031283563481593,0.7307130140663851,0.7234766197435416,,2
higgs,coreset,0.5,3,0.6614,0.6103738796733785,0.6508535280436385,0.6535971051525222,0.32050322939503684,0.7392640794744822,0.7292683493561575,,2
higgs,coreset,0.5,4,0.6696,0.5973967151184575,0.6585365853658536,0.6614682181749536,0.33828897835056926,0.7529536991900498,0.7438392028574772,,2
higgs,coreset,1.0,1,0.6917,0.5763847221822699,0.6888383050119167,0.6884670741117618,0.3797729368795992,0.7767329326111966,0.7631608602289314,,2
higgs,coreset,1.0,2,0.6773,0.5871951202019378,0.6668021863847857,0.6693369634504959,0.35418962050772357,0.7702850418581977,0.7558619794588728,,2
higgs,coreset,1.0,3,0.6934,0.5704855515623259,0.688874884312398,0.6887551767374567,0.38343901516524304,0.7838130146480562,0.7711965316601469,,2
higgs,coreset,1.0,4,0.6955,0.5710875482590798,0.6919131263007754,0.6915908947530889,0.387458514918946,0.783274081483547,0.7701382089977272,,2
MiniBooNE,coreset,0.1,1,0.8932,0.2565322050946891,0.8666212146401351,0.8636023802998896,0.7333938004417413,0.8864418021857912,0.9510239436879271,,2
MiniBooNE,coreset,0.1,2,0.8913,0.2513363342993448,0.8618836741610973,0.8530434207963355,0.7251540576204432,0.8904668819600984,0.9536515590425299,,2
MiniBooNE,coreset,0.1,3,0.8758,0.28242405009431343,0.8557275131814175,0.8819413937051764,0.7212914942027419,0.887712671008464,0.9522442228823379,,2
MiniBooNE,coreset,0.1,4,0.9019,0.24201446784319874,0.877032213461147,0.8725836411153589,0.7543826730198895,0.900843277809496,0.9598007347930514,,2
MiniBooNE,coreset,0.25,1,0.9175,0.1997551974556036,0.8976151795412145,0.8967945391255205,0.7952401194208253,0.9223870048660869,0.9700304869168119,,2
MiniBooNE,coreset,0.25,2,0.9148,0.21374175902120368,0.8937622743851117,0.8911139222496929,0.7876288776738274,0.9144011570430491,0.9672759046651491,,2
MiniBooNE,coreset,0.25,3,0.9182,0.19650823695156716,0.8997287724585485,0.9039109767365733,0.7997016645155969,0.923500337082318,0.9712962918928837,,2
MiniBooNE,coreset,0.25,4,0.9091,0.21746977744009688,0.8824272464263219,0.8670451498843477,0.7688945868584054,0.9146795636796864,0.9673070643133157,,2
MiniBooNE,coreset,0.5,1,0.9245,0.1876697296929297,0.9051898581880129,0.8997033343894918,0.8108164224625185,0.929297684494907,0.9738320630699021,,2
MiniBooNE,coreset,0.5,2,0.9197,0.20263676204822942,0.8985608718459364,0.8909328594292663,0.7979996910428124,0.9219431028884801,0.9705045197837511,,2
MiniBooNE,coreset,0.5,3,0.9277,0.1807439955021752,0.9107973359766275,0.9123613841502115,0.8216280101827147,0.9330595632939217,0.9757042674946315,,2
MiniBooNE,coreset,0.5,4,0.9179,0.19767849247187005,0.8948877269693729,0.8825084596710928,0.7922006479774992,0.9264554202685391,0.973459286674906,,2
MiniBooNE,coreset,1.0,1,0.9316,0.17508200193422832,0.9146916196838661,0.9118113593909235,0.8294976511760875,0.9375665144886121,0.9773100544506182,,2
MiniBooNE,coreset,1.0,2,0.9265,0.18173801575604934,0.9102695477149372,0.9163095939417322,0.8210249631041704,0.9309501931910128,0.9759988723080589,,2
MiniBooNE,coreset,1.0,3,0.9311,0.17841032844757965,0.9144744475282054,0.913528904957822,0.828961097005954,0.9359772356277206,0.9765721305728956,,2
MiniBooNE,coreset,1.0,4,0.9281,0.17932988870013924,0.9089828611942681,0.9003577365393787,0.8190511073529864,0.933511452071086,0.9771622566599908,,2
covertype,coreset,0.1,1,0.7322,0.6615453088564702,0.6004925051208684,0.5854905859657485,0.568803412218334,0.6276312336140758,0.9317725304950536,0.9628,7
covertype,coreset,0.1,2,0.7336,0.6522472488620591,0.5410408151723584,0.5236428546226165,0.5654761434646177,0.6075142211429657,0.9340220342708546,0.9578,7
covertype,coreset,0.1,3,0.7186,0.6771180875065549,0.5432397773207999,0.5468258577700074,0.5452878145428793,0.5890760482518559,0.9309885585308038,0.9588,7
covertype,coreset,0.1,4,0.7144,0.6929117267054827,0.5751897165729903,0.5488402967798812,0.534359080678516,0.63614844629213,0.9303944896944848,0.9646,7
covertype,coreset,0.25,1,0.7594,0.6077606498693834,0.6219571509262227,0.6096262166898919,0.6111015935580807,0.7092365419144374,0.94919742121891,0.9695,7
covertype,coreset,0.25,2,0.7561,0.6850559109165572,0.6189240374424683,0.5953121875671289,0.6037911078469257,0.6859892938664511,0.9443864039934019,0.9701,7
covertype,coreset,0.25,3,0.7621,0.587359450591417,0.6241842853112576,0.6023105054553376,0.613818287996732,0.6854861628032956,0.9500161753182977,0.9729,7
covertype,coreset,0.25,4,0.7705,0.6058224079626449,0.6591753923724083,0.6193348302764047,0.6263039788496356,0.717392422951012,0.9479258325777857,0.969,7
covertype,coreset,0.5,1,0.7932,0.5130019922588764,0.6851868348462001,0.6590507835336183,0.6666768387151066,0.7676248268606789,0.9620886011603036,0.9769,7
covertype,coreset,0.5,2,0.7932,0.5628729965059374,0.6752375440920025,0.6468447803250678,0.6637262378174812,0.7476606962933163,0.9580741134872589,0.9748,7
covertype,coreset,0.5,3,0.7964,0.5190589480090183,0.6972302436753417,0.6581815267983521,0.6698525015828306,0.77014828937146,0.9616183463979991,0.9773,7
covertype,coreset,0.5,4,0.7949,0.5711859410387738,0.7087563936965855,0.665681326539846,0.6665593531889469,0.7627865901982573,0.9586038210608429,0.9754,7
covertype,coreset,1.0,1,0.8218,0.43255590763917035,0.7448234646112596,0.7330867226583779,0.7127379619405443,0.8297482076392331,0.971469656196371,0.9835,7
covertype,coreset,1.0,2,0.8261,0.4305837271733508,0.7227676180323112,0.6887664561600071,0.7187991231527721,0.8034871263865417,0.972048756153351,0.9842,7
covertype,coreset,1.0,3,0.8249,0.4312898440917639,0.7346274227781178,0.7063259788633166,0.7163507860738344,0.8062363891445764,0.9721456216433534,0.9843,7
covertype,coreset,1.0,4,0.8343,0.43485497085218194,0.754225000156955,0.7124990829406398,0.731453994114251,0.8236201542223954,0.9721923875900591,0.9853,7
bank-marketing,coreset,0.1,1,0.8989273471193188,0.25342912946953,0.699478096335112,0.6652163851645275,0.42090512446811634,0.5148512201212153,0.8698809085560947,,2
bank-marketing,coreset,0.1,2,0.8971580227800509,0.24847519113222682,0.6898902630589172,0.6556050865694538,0.40440747559643747,0.5229859679097151,0.8751541465389383,,2
bank-marketing,coreset,0.1,3,0.9011390025434037,0.24571584191747414,0.6965894525788187,0.6586792580133118,0.4232156351684235,0.5616274572007852,0.8952733918630514,,2
bank-marketing,coreset,0.1,4,0.8963839433816212,0.25821125622533664,0.6467319659902078,0.6108897471984924,0.35395116829075174,0.5153658175060635,0.8663811991529485,,2
bank-marketing,coreset,0.25,1,0.9034612407386929,0.22418050381925178,0.7161476611664412,0.680492842794796,0.4527691458618353,0.573965644487715,0.9080356244518017,,2
bank-marketing,coreset,0.25,2,0.9041247373659184,0.2172166107381546,0.7072205233447229,0.6677494309391545,0.44408998817597434,0.5937791252860805,0.9166173460872407,,2
bank-marketing,coreset,0.25,3,0.9034612407386929,0.22466476945550343,0.7100032461696796,0.6722933951063726,0.4453396826024395,0.590039602578035,0.9096018882285192,,2
bank-marketing,coreset,0.25,4,0.9026871613402632,0.2268004849046961,0.7184722165618364,0.6849741895543747,0.45398706172023306,0.5704547825885716,0.9068095543037336,,2
bank-marketing,coreset,0.5,1,0.9035718235098972,0.2162995733322257,0.7175168784243326,0.68219534974012,0.4547463712827653,0.595573040352344,0.9164329857613459,,2
bank-marketing,coreset,0.5,2,0.9072210549596373,0.20687822553497986,0.7384682183510027,0.7064002329509608,0.48982278671507434,0.6158782976344918,0.9255616331661561,,2
bank-marketing,coreset,0.5,3,0.9069998894172288,0.2149415519211276,0.7338377812968999,0.6997154399849435,0.4832675835604552,0.6086531872139889,0.9164653006049859,,2
bank-marketing,coreset,0.5,4,0.9092115448413137,0.20885894588838738,0.7471135625288824,0.7161367663613131,0.5053288433825808,0.6135704422731153,0.9226885713169659,,2
bank-marketing,coreset,1.0,1,0.9069998894172288,0.20409858619647228,0.7373184431831625,0.7050450809824186,0.4878450061763843,0.625246475026276,0.9272977570184171,,2
bank-marketing,coreset,1.0,2,0.9099856242397435,0.1995874241642109,0.7549322493224933,0.7276443425941599,0.5176679374328237,0.6305897046968483,0.9317729485696834,,2
bank-marketing,coreset,1.0,3,0.9095432931549264,0.2040189272335259,0.7523031879641402,0.7241140938882332,0.5131723885590467,0.6257503420655086,0.9280470352610578,,2
bank-marketing,coreset,1.0,4,0.910206789782152,0.20122790830167284,0.7621159309184277,0.7400687489420735,0.5288286537991479,0.6307231177735029,0.931000706665262,,2
higgs,stratified_coreset,0.1,1,0.554,0.7074783266873714,0.41033295510026563,0.5274919492592645,0.1493469022775737,0.6708809559588724,0.6482026955072685,,2
higgs,stratified_coreset,0.1,2,0.5846,0.6872615398994636,0.4869892115584863,0.5614864538391291,0.21197496941243357,0.7040366205885574,0.6904411730476241,,2
higgs,stratified_coreset,0.1,3,0.565,0.6952099785765846,0.43505307851655695,0.5393314863302348,0.18190323567199537,0.7146357921939152,0.6988299397500719,,2
higgs,stratified_coreset,0.1,4,0.5632,0.7058896630789959,0.4322907706855541,0.5374911450279483,0.17440830893658427,0.7164600244617209,0.706735104183271,,2
higgs,stratified_coreset,0.25,1,0.6051,0.6522256356339964,0.5241272829975523,0.5834138367275586,0.2599613507796699,0.7452922480020548,0.7344727974776993,,2
higgs,stratified_coreset,0.25,2,0.5991,0.6542935798654408,0.5130855436312457,0.5769465166911708,0.24720298862346343,0.7337180579429048,0.7264247254737942,,2
higgs,stratified_coreset,0.25,3,0.5927,0.6901379919853429,0.49584914766756705,0.5694925284342323,0.24206583909219515,0.7237539358216711,0.7098652655705042,,2
higgs,stratified_coreset,0.25,4,0.5918,0.6809701492671807,0.49728509319511705,0.568859296600991,0.23445789093531647,0.731604712692471,0.7224108928556809,,2
higgs,stratified_coreset,0.5,1,0.637,0.617549248926299,0.587956525440563,0.6192922250736851,0.3076186535727928,0.7563819756493306,0.7453546009977283,,2
higgs,stratified_coreset,0.5,2,0.6283,0.6250291117016514,0.5732018579187952,0.6097430216078172,0.2921559217647091,0.7487136871058926,0.7393335611186103,,2
higgs,stratified_coreset,0.5,3,0.615,0.6464622091536553,0.5440812125649228,0.5943850527911241,0.27644359911674704,0.746804908092157,0.7354213008289041,,2
higgs,stratified_coreset,0.5,4,0.6331,0.6293097752031388,0.5831043333049153,0.615304818918731,0.298157328889592,0.7491758935322562,0.7372694677353151,,2
higgs,stratified_coreset,1.0,1,0.6652,0.5920541896779523,0.6385360476728199,0.6517970556786516,0.3468093068150981,0.7789792167912383,0.764428889016239,,2
higgs,stratified_coreset,1.0,2,0.6462,0.6051619805458478,0.6085850204668658,0.6305309965357053,0.3153118085430987,0.7681928831167004,0.7557286231383289,,2
higgs,stratified_coreset,1.0,3,0.6563,0.5994348559194341,0.626215713815264,0.6421734487766454,0.33007317819517507,0.7702117053283328,0.7564637082190996,,2
higgs,stratified_coreset,1.0,4,0.6537,0.5983241112653979,0.6221646487316674,0.6392664976978277,0.3256930610206281,0.7840179642092171,0.761626439850962,,2
MiniBooNE,stratified_coreset,0.1,1,0.7398,0.5662064350118395,0.4953295680238332,0.5379809855801668,0.22576623330842666,0.758247823223559,0.893504199171282,,2
MiniBooNE,stratified_coreset,0.1,2,0.7459,0.5850792152523362,0.5151114902948163,0.5488505507975582,0.2594297234624682,0.7593621264846954,0.8890641969995191,,2
MiniBooNE,stratified_coreset,0.1,3,0.7395,0.532293221516263,0.49213896427034826,0.5365769189538047,0.22660345165310164,0.8130123396419859,0.9198217915816834,,2
MiniBooNE,stratified_coreset,0.1,4,0.7396,0.6177431103240868,0.4932986213052441,0.5370811702394745,0.22615748900111704,0.7304027653044978,0.875102049086205,,2
MiniBooNE,stratified_coreset,0.25,1,0.776,0.4550503489395068,0.6162523699842472,0.6104197863468627,0.3785693133682764,0.7909235925069933,0.9201413637443575,,2
MiniBooNE,stratified_coreset,0.25,2,0.7826,0.4664635246110769,0.6314553627686239,0.6212021144570662,0.4037624076806071,0.8228573838081922,0.9288704246094047,,2
MiniBooNE,stratified_coreset,0.25,3,0.7893,0.4182846243318658,0.643355215953664,0.6298802003174024,0.4309313836513747,0.8437596211458088,0.9371601790198573,,2
MiniBooNE,stratified_coreset,0.25,4,0.7655,0.4816847736303265,0.5786747926195107,0.586166830242435,0.34408200699597774,0.8040299869072884,0.922972284657108,,2
MiniBooNE,stratified_coreset,0.5,1,0.8118,0.3641143201346504,0.7072522302340191,0.6806242075095842,0.4962661346840374,0.8534294715368698,0.9478592330941819,,2
MiniBooNE,stratified_coreset,0.5,2,0.8123,0.40211256941173357,0.701934685266768,0.6753199833313221,0.5017061078673553,0.8483323260992853,0.9393617146703586,,2
MiniBooNE,stratified_coreset,0.5,3,0.8073,0.36303972713091215,0.6964501092598454,0.6714101162547154,0.48262602373781893,0.8455204330756922,0.9439177109854949,,2
MiniBooNE,stratified_coreset,0.5,4,0.8004,0.3974329390804391,0.6761546853959587,0.6546588578309596,0.46324697235840057,0.8513487082549683,0.946627560069758,,2
MiniBooNE,stratified_coreset,1.0,1,0.8414,0.320609643519556,0.7668753852215222,0.7347812612514071,0.5844897979894346,0.8794691559074547,0.9590660061415714,,2
MiniBooNE,stratified_coreset,1.0,2,0.8635,0.30370577361848666,0.8053112544600304,0.7723134785442292,0.6473669188283144,0.8920371382854186,0.9585331712040861,,2
MiniBooNE,stratified_coreset,1.0,3,0.8657,0.2839750078120787,0.8110788829222357,0.7799290154482501,0.6523388192197865,0.8941849819198058,0.9609978547895005,,2
MiniBooNE,stratified_coreset,1.0,4,0.8386,0.31886339540222347,0.7622056565705141,0.7305527632415625,0.5761132727934551,0.8842949189804856,0.9592594040214474,,2
covertype,stratified_coreset,0.1,1,0.6548,0.7739963111939354,0.29130786529273467,0.29227003147027564,0.4120813707162432,0.4663660359966166,0.9110068614322433,0.9314,7
covertype,stratified_coreset,0.1,2,0.6389,0.7767985990659187,0.29657668555056294,0.29367193031872546,0.39946985969786136,0.4778367535646742,0.9073518235315708,0.9338,7
covertype,stratified_coreset,0.1,3,0.6702,0.7793818799863145,0.2895204311841658,0.28862163574609884,0.43934550285981055,0.48309542023527,0.9138629887536797,0.9312,7
covertype,stratified_coreset,0.1,4,0.6581,0.7739804396234101,0.2968294562993442,0.27806356088961465,0.41573547828276863,0.48653178459015806,0.913646238275694,0.931,7
covertype,stratified_coreset,0.25,1,0.7279,0.6139207989561697,0.40676327622855357,0.3897876168012592,0.5452807228436689,0.5932267532046585,0.9416941823435314,0.9614,7
covertype,stratified_coreset,0.25,2,0.7087,0.6453265090787524,0.36518799865450113,0.35206592598446196,0.5131768780024996,0.5746729621190874,0.9377038800344752,0.9592,7
covertype,stratified_coreset,0.25,3,0.7201,0.6325122829667754,0.4162125395187119,0.3906587089815518,0.5322059225230809,0.5873928470735846,0.9375929974749483,0.9601,7
covertype,stratified_coreset,0.25,4,0.697,0.6620838700114994,0.3734365822325018,0.35330762411786615,0.48919790036384775,0.5625645738835423,0.9317395113759362,0.9584,7
covertype,stratified_coreset,0.5,1,0.7608,0.5461960915946158,0.45339743021547513,0.42958501462525217,0.603153044579467,0.6866479037125447,0.9562712588534266,0.9717,7
covertype,stratified_coreset,0.5,2,0.7476,0.5716800886178516,0.41174723641942407,0.399372385338814,0.5799187159206672,0.6506851486214458,0.9509472276879473,0.9686,7
covertype,stratified_coreset,0.5,3,0.753,0.5490045067189104,0.4185372790026255,0.4081667679197968,0.5896656599853611,0.6602334732334633,0.9558298662799324,0.9728,7
covertype,stratified_coreset,0.5,4,0.7557,0.5554178678470251,0.4389842800748162,0.4126602715133368,0.5955410074908354,0.6654771479048761,0.9568738475127281,0.969,7
covertype,stratified_coreset,1.0,1,0.7899,0.4778764820538059,0.5226052962468959,0.48135867630001966,0.6531610792436088,0.7681176009030647,0.9690343768427966,0.9789,7
covertype,stratified_coreset,1.0,2,0.7831,0.4938662441174888,0.47414760056575667,0.4499979538273748,0.6402150989285059,0.729778555626077,0.966161535019127,0.9767,7
covertype,stratified_coreset,1.0,3,0.7868,0.49958768422368777,0.47146471055381334,0.4490794085522101,0.6481268082900473,0.7244202560297062,0.9685507308438831,0.9769,7
covertype,stratified_coreset,1.0,4,0.788,0.49315343374474413,0.45622628656593855,0.43801591864359096,0.6490308333033994,0.7199642517153076,0.9682209822342911,0.9739,7
bank-marketing,stratified_coreset,0.1,1,0.8830034280659074,0.3144376528360773,0.46893352125910265,0.5,0.0,0.37578214920680575,0.8096430807764559,,2
bank-marketing,stratified_coreset,0.1,2,0.8830034280659074,0.31209681639158837,0.46893352125910265,0.5,0.0,0.386587888308413,0.8227884158979563,,2
bank-marketing,stratified_coreset,0.1,3,0.8830034280659074,0.31634136682176206,0.46893352125910265,0.5,0.0,0.3818555045169643,0.8144015302794818,,2
bank-marketing,stratified_coreset,0.1,4,0.8830034280659074,0.3177916893876568,0.46893352125910265,0.5,0.0,0.38292409661146964,0.8197251936227306,,2
bank-marketing,stratified_coreset,0.25,1,0.8832245936083158,0.30434787119190315,0.4718098211630772,0.5013551519685422,0.04142934824882029,0.46684099381616306,0.8512164230427324,,2
bank-marketing,stratified_coreset,0.25,2,0.8835563419219286,0.2705798414786123,0.47837274155079806,0.5044128108824083,0.06970825328376136,0.5202481980335888,0.896857174309581,,2
bank-marketing,stratified_coreset,0.25,3,0.883777507464337,0.2707248071245996,0.47936348658109096,0.5049480180821081,0.07816280980797077,0.549277802668743,0.8878453574933151,,2
bank-marketing,stratified_coreset,0.25,4,0.883777507464337,0.2871604004454618,0.4766204021493592,0.5037181009288446,0.0758001677156587,0.5182041955194778,0.882773761767397,,2
bank-marketing,stratified_coreset,0.5,1,0.8854362490324007,0.284165186758806,0.5044881187771093,0.5173665059604906,0.14230539172603993,0.521151411595956,0.8875957756331875,,2
bank-marketing,stratified_coreset,0.5,2,0.8865420767444432,0.2634184633811013,0.5149615570884764,0.5229123486499379,0.16805910449408637,0.5448048257477958,0.9032237903536049,,2
bank-marketing,stratified_coreset,0.5,3,0.8876479044564857,0.26480096113676793,0.5313031561488911,0.5317379704147546,0.19509575745353583,0.5611775999940333,0.9018518891162898,,2
bank-marketing,stratified_coreset,0.5,4,0.887316156142873,0.2682911473297127,0.5210440978232932,0.5262204771943614,0.18344511494016205,0.5419966072627218,0.8951553775806006,,2
bank-marketing,stratified_coreset,1.0,1,0.8910759703638174,0.264345835733028,0.5661207858536561,0.5521278673505261,0.2549631465052748,0.5571874179080174,0.9008336756181544,,2
bank-marketing,stratified_coreset,1.0,2,0.8933982085591065,0.24014534523852638,0.5894170127498789,0.5669719215968505,0.28992548959861136,0.5918294821873886,0.922981772297538,,2
bank-marketing,stratified_coreset,1.0,3,0.8952781156695787,0.24478458551393617,0.5992993124371692,0.5733660585241941,0.3109820514659652,0.5806310763745511,0.9129436928645748,,2
bank-marketing,stratified_coreset,1.0,4,0.8950569501271702,0.24532814209895853,0.6024969330850929,0.5757006580154425,0.3110722173876456,0.5812396526861181,0.9158296569773429,,2
covertype,prototype,0.1,1,0.5362,0.8651523442942524,0.3647017526667003,0.46546979024383106,0.26036436874883456,0.4149407318901957,0.8722535350950428,0.9388,7
covertype,prototype,0.1,2,0.6158,0.8466278802282795,0.3825289284021958,0.48815042659776214,0.3849934942108212,0.4076494415672389,0.8954383905715906,0.9382,7
covertype,prototype,0.1,3,0.5727,0.8505700732414881,0.3583410505822276,0.38132420049633714,0.29710615465199064,0.3936690609548438,0.8835743982770162,0.9269,7
covertype,prototype,0.1,4,0.6393,0.8511758837625323,0.3830792139070491,0.41620452507765215,0.41291438077544446,0.453021348425387,0.8983574772303824,0.9346,7
covertype,prototype,0.25,1,0.5732,0.8384561236868759,0.43107106966795944,0.5010247875095999,0.3305655173616772,0.40942024264922455,0.8859203680355118,0.9482,7
covertype,prototype,0.25,2,0.5223,0.8457950576506551,0.3699633420503047,0.4992528149891973,0.24195544941826583,0.45422830533341607,0.8821785175415892,0.927,7
covertype,prototype,0.25,3,0.5888,0.8390864039046544,0.40645626465008705,0.5045631737622137,0.3458897893662471,0.43451250261881735,0.8931161885553575,0.9462,7
covertype,prototype,0.25,4,0.5809,0.8189910657113668,0.3824302910695101,0.45170662825208996,0.3157804285399876,0.45838552724745985,0.8832170384955289,0.9455,7
covertype,prototype,0.5,1,0.6241,0.774577113238936,0.4847846355977528,0.5645310302502276,0.4188956995575602,0.49500864230967956,0.9122967844730469,0.9592,7
covertype,prototype,0.5,2,0.5681,0.801843781557602,0.4486726942349667,0.5180789608652173,0.3167536821149685,0.5146711361777393,0.8978296743936193,0.9636,7
covertype,prototype,0.5,3,0.6299,0.7735726139188559,0.4430354421301222,0.5122220485188699,0.40666450099833373,0.49684190425521596,0.914391257983562,0.9629,7
covertype,prototype,0.5,4,0.6472,0.7772555907696569,0.47080322686439496,0.5467804180605961,0.4317060141674084,0.5180254932473252,0.9120573992368659,0.9663,7
covertype,prototype,1.0,1,0.6684,0.7389409342811217,0.5536821104090118,0.5966384923087926,0.49722860276935277,0.5909636319262889,0.9281940759048907,0.9733,7
covertype,prototype,1.0,2,0.6238,0.7625455184133554,0.5086916708705835,0.5719940465518473,0.4147565352878166,0.5492959532853839,0.917324823145146,0.9708,7
covertype,prototype,1.0,3,0.6838,0.725162112653331,0.5597472019667266,0.6103239546822677,0.5048582200866873,0.5755417996231734,0.929907867503742,0.9716,7
covertype,prototype,1.0,4,0.6693,0.735380177469091,0.5070145775063536,0.564917955084191,0.47163924319991846,0.564357062696892,0.927357363379574,0.9698,7
nomao,random,0.1,1,0.9484984767155085,0.1317427177904023,0.935939911114881,0.9295113557459881,0.8724458747880733,0.9953030737801954,0.9879263329783868,,2
nomao,stratified,0.1,1,0.9492238502828957,0.13515191271525015,0.9374652145314714,0.9352004196648375,0.8749987557414518,0.9944506201955334,0.9861235626623714,,2
nomao,coreset,0.1,1,0.9418250398955462,0.15094955375680186,0.929645407220139,0.935355442337548,0.8597184656182886,0.9934230056785778,0.9836216431866969,,2
nomao,prototype,0.1,1,0.9035253155375018,0.2965713160886149,0.8857944380359437,0.9000139860774581,0.774520148360937,0.9847680012019635,0.9623100998044837,,2
nomao,stratified_coreset,0.1,1,0.9315247352386479,0.18340560426286123,0.911654812348997,0.892181215419011,0.8295010075643734,0.9936447974518733,0.9839274597033877,,2
nomao,random,0.1,2,0.9451617583055274,0.14163801031918546,0.932483348569936,0.9303760996501831,0.8650267983529261,0.9943640840693718,0.9855167773107043,,2
nomao,stratified,0.1,2,0.9435659364572755,0.1471887746985742,0.9315300144537921,0.9358120011271376,0.8633007882515228,0.9944851862635558,0.9857712290296509,,2
nomao,coreset,0.1,2,0.9426954881764108,0.14161476902204287,0.9308791722687362,0.9377934136714525,0.8623791745750312,0.9941407585785202,0.9852333426436326,,2
nomao,prototype,0.1,2,0.9032351661105469,0.27597311620350184,0.8783823973303562,0.869179997103768,0.7582376515299539,0.9832783303938654,0.9603604034756434,,2
nomao,stratified_coreset,0.1,2,0.9264471202669374,0.18852950769392945,0.9043689536246681,0.8826838849445033,0.816791947611321,0.9936498228547996,0.9838473182418469,,2
nomao,random,0.1,3,0.9455969824459597,0.12902205262022726,0.9333780422223221,0.9335761884349579,0.866756607779386,0.9951739437416554,0.9876746145267901,,2
nomao,stratified,0.1,3,0.9428405628898883,0.14930923471340957,0.9304956613052057,0.9337803583488837,0.8611341991124309,0.9939728049999039,0.9845233119856558,,2
nomao,coreset,0.1,3,0.941099666328159,0.14567358803031802,0.9293703086553233,0.9389623238177123,0.8599255712998174,0.994147770972307,0.9854084780383517,,2
nomao,prototype,0.1,3,0.8758160452633106,0.3273037561822578,0.8537200436885704,0.8688849589432301,0.711150616717947,0.976376967616427,0.9394902054138085,,2
nomao,stratified_coreset,0.1,3,0.9335557812273321,0.18382189823876752,0.9157765697815256,0.9024415916238662,0.8342886696119922,0.9932846255206039,0.9828175468750192,,2
nomao,random,0.1,4,0.9469026548672567,0.13847640947303985,0.9353966058070273,0.9384522858160134,0.8709150413290238,0.9947266829884869,0.9865259202447026,,2
nomao,stratified,0.1,4,0.9471928042942115,0.14058441373720448,0.9349032405631632,0.9322548857411734,0.8699009124799333,0.99378538678051,0.9848986978920631,,2
nomao,coreset,0.1,4,0.9448716088785725,0.144264909809644,0.9333200754497804,0.9390117804854201,0.8670601070620443,0.9943381544453791,0.9855526707838267,,2
nomao,prototype,0.1,4,0.8810387349484985,0.31696849659491216,0.8641721437475152,0.8943326578209196,0.7413302712169042,0.9832104570006264,0.9586707801136957,,2
nomao,stratified_coreset,0.1,4,0.9329754823734223,0.1727374454340286,0.9137708683983078,0.8951777531428449,0.833101094076008,0.9944339189649114,0.9858860262583445,,2
nomao,random,0.25,1,0.9538662411141738,0.11852648583850622,0.9436158726082249,0.9446979048525912,0.887246769228697,0.9960260357860966,0.9899196068715785,,2
nomao,stratified,0.25,1,0.9513999709850574,0.12342334632552283,0.9404117465465971,0.9400762076194005,0.8808249634266164,0.99555549569456,0.9886414691734888,,2
nomao,coreset,0.25,1,0.9540113158276512,0.12022986788387423,0.9441039173259793,0.947694906716164,0.8883710328085975,0.9956098435440202,0.9889406330205925,,2
nomao,prototype,0.25,1,0.9278978674017119,0.20773579830881198,0.9138676658137209,0.9248453073822147,0.8293549728131823,0.990496033267189,0.9770137372985583,,2
nomao,stratified_coreset,0.25,1,0.9538662411141738,0.13619847392632375,0.9437852872041692,0.9462218303278395,0.8876462078505026,0.9954234969243597,0.9885117163309939,,2
nomao,random,0.25,2,0.9572029595241549,0.1177771275762278,0.9474624671468443,0.9465762268038429,0.8949349871455397,0.9960827783736996,0.9899769539148434,,2
nomao,stratified,0.25,2,0.9557522123893806,0.11369982656564068,0.9461397528110642,0.9490658207909024,0.8923875141685753,0.9963634091327804,0.9906403643146267,,2
nomao,coreset,0.25,2,0.9554620629624256,0.1182805213570222,0.9457054218735348,0.9479483785845513,0.8914746063615999,0.9959294124288108,0.9897010486257544,,2
nomao,prototype,0.25,2,0.9125199477731032,0.22766094651869093,0.8982163042656583,0.9210917577446357,0.8034000655454309,0.9899915268494952,0.9751389221808875,,2
nomao,stratified_coreset,0.25,2,0.9547366893950384,0.13950145643907358,0.9436722860909035,0.9369255755023332,0.8879527912271478,0.9961673277829611,0.9902594603024376,,2
nomao,random,0.25,3,0.9519802698389671,0.12308203527297586,0.9413374568142787,0.9426158771271524,0.8826960201597376,0.9956037615040909,0.9888868443819906,,2
nomao,stratified,0.25,3,0.9516901204120122,0.12250369182207688,0.9410008093284856,0.9424127902059501,0.8820273764559401,0.9957157033710606,0.9891003486617717,,2
nomao,coreset,0.25,3,0.9561874365298129,0.11567447206650995,0.9465495921031415,0.948456095887557,0.893145204281792,0.9958901181917466,0.9896851647324758,,2
nomao,prototype,0.25,3,0.9326853329464674,0.18868340862029,0.9180250759273885,0.9205766142058116,0.8361403854777096,0.991447804854473,0.9791537309202467,,2
nomao,stratified_coreset,0.25,3,0.9570578848106776,0.13058886256066737,0.9471298179277805,0.9449507578679937,0.8943208738034181,0.9959114863741763,0.9896849584481477,,2
nomao,random,0.25,4,0.9534310169737414,0.12245262887727251,0.9430925498060072,0.944240881923263,0.8862020441030483,0.9957545917273916,0.9892451602602318,,2
nomao,stratified,0.25,4,0.9537211664006964,0.12424198684663446,0.9425460996148893,0.9368243414682246,0.885528904736403,0.9956566184230196,0.9888617808361035,,2
nomao,coreset,0.25,4,0.9556071376759031,0.11531317822147893,0.946226428947721,0.9514025580906983,0.8927871483920843,0.9960114639236233,0.9899638548599968,,2
nomao,prototype,0.25,4,0.9284781662556216,0.209117527562656,0.9140520930082454,0.9223560228216479,0.8290432842931968,0.9900348584407399,0.9765016364535763,,2
nomao,stratified_coreset,0.25,4,0.954591614681561,0.12862151730495952,0.9440326367615506,0.9413958084674765,0.8881560704588509,0.9958517983135655,0.9896201851690642,,2
nomao,random,0.5,1,0.9557522123893806,0.11282244529765902,0.9457811170673616,0.9457131847453564,0.891562293279876,0.9964726407551867,0.9909815585936195,,2
nomao,stratified,0.5,1,0.9567677353837226,0.11652127821681374,0.9468547191114727,0.9453572411368907,0.893738284776573,0.9961861747998679,0.9901199089543489,,2
nomao,coreset,0.5,1,0.9592340055128391,0.10548701441277306,0.9505979273111476,0.9556174626284997,0.9015062267736277,0.9968171253542392,0.9918109247355125,,2
nomao,prototype,0.5,1,0.9566226606702452,0.1288406022452782,0.9469123834494444,0.947389193341637,0.8938276622705575,0.9952855320990712,0.9885662785358268,,2
nomao,stratified_coreset,0.5,1,0.9583635572319744,0.1128201099428056,0.9494686624715819,0.9537890614846943,0.8991688156651132,0.9964579530739782,0.991017452066742,,2
nomao,random,0.5,2,0.9612650515015233,0.10687428600832989,0.9528642707227435,0.9559723232442419,0.9058477630922964,0.9968682841519498,0.9919518169317353,,2
nomao,stratified,0.5,2,0.9635862469171623,0.09939676430369913,0.9555022741473764,0.9566826633287112,0.911021759177574,0.9971504491139711,0.9925947020408534,,2
nomao,coreset,0.5,2,0.9621354997823879,0.09937887194875118,0.9538130456190242,0.9558196212702246,0.9076758943311827,0.9970827700375688,0.9925372002843423,,2
nomao,prototype,0.5,2,0.9489337008559409,0.14410645994369797,0.9378862754334047,0.9410930346446278,0.8759055498909916,0.9943447064732731,0.9860775612571626,,2
nomao,stratified_coreset,0.5,2,0.9622805744958653,0.10640728051205747,0.9540657753041402,0.9568355200159746,0.9082260280386004,0.9970842697940403,0.9925344670169924,,2
nomao,random,0.5,3,0.9583635572319744,0.10914176874735249,0.9490119949808172,0.9492172850589499,0.8980245238074697,0.9964453160531066,0.9910009493204788,,2
nomao,stratified,0.5,3,0.9592340055128391,0.11021222834540062,0.9500627434219311,0.9501313309176063,0.900125546273936,0.9965157421350987,0.9910984186655961,,2
nomao,coreset,0.5,3,0.9621354997823879,0.10419275764973251,0.9542214704907261,0.960391397695969,0.9089042868604198,0.9970344000957609,0.992390789982338,,2
nomao,prototype,0.5,3,0.9569128100972001,0.13317992891704566,0.9475681213657483,0.9506401312133355,0.8952546766759795,0.9952464801317598,0.9882928486586773,,2
nomao,stratified_coreset,0.5,3,0.959524154939794,0.10907902299745291,0.9510070841194507,0.9565825122873259,0.9023956315190041,0.9967717328822477,0.991753061981427,,2
nomao,random,0.5,4,0.9596692296532714,0.10837488229786907,0.950543086747077,0.95013117620436,0.9010883187525153,0.9965561120600596,0.9911589631159495,,2
nomao,stratified,0.5,4,0.9585086319454519,0.11527206920476404,0.9490574928922288,0.9480996881393524,0.8981266717406992,0.9963096576049671,0.9904956558583307,,2
nomao,coreset,0.5,4,0.960829827361091,0.10420183036789607,0.9522848097760878,0.9549057301248144,0.9046547454495051,0.9967077703348493,0.9916446595669101,,2
nomao,prototype,0.5,4,0.954591614681561,0.12882030230738084,0.9451008439218287,0.9511489315090648,0.890657818354535,0.9954092784183087,0.9888430089622289,,2
nomao,stratified_coreset,0.5,4,0.9606847526476135,0.10763350668174325,0.9521723707039855,0.9554137568543126,0.9044746089673381,0.9967360123363171,0.9917053071594276,,2
nomao,random,1.0,1,0.9592340055128391,0.10621802611968469,0.9500017359316293,0.949521760727507,0.9000063906839645,0.9966849817622758,0.9914615822255519,,2
nomao,stratified,1.0,1,0.9589438560858843,0.10842248091447362,0.9495686281505242,0.9484043185211559,0.8991545138520397,0.9965630548362586,0.9910930552730607,,2
nomao,coreset,1.0,1,0.9599593790802263,0.10082772399219014,0.9513550350034856,0.9552108246463564,0.9028937735349594,0.9970378342329005,0.9923366403461616,,2
nomao,prototype,1.0,1,0.9603946032206586,0.107837866102476,0.9515286979321014,0.952010426435089,0.9030603081060001,0.996597399592613,0.9911878429219102,,2
nomao,stratified_coreset,1.0,1,0.9580734078050196,0.1041323478542504,0.9489652084013034,0.951909656540719,0.8980388093640391,0.9968231545807495,0.9918084493235731,,2
nomao,random,1.0,2,0.96315102277673,0.09699179794193814,0.9550450211728408,0.956987603137007,0.9101365549513841,0.9973917248450881,0.9932801848637636,,2
nomao,stratified,1.0,2,0.9654722181923691,0.09364115760319584,0.9580276231616198,0.9616601494571215,0.9162151465939603,0.9975162633357064,0.9935772342965024,,2
nomao,coreset,1.0,2,0.9659074423328013,0.09007767123095467,0.9582882842958353,0.9589169288884287,0.9165814206531334,0.9976080792910118,0.9938791314109559,,2
nomao,prototype,1.0,2,0.9611199767880458,0.10469551143059797,0.9526240785242683,0.9551088170460167,0.9053246348647349,0.9968742565494962,0.9919021024086171,,2
nomao,stratified_coreset,1.0,2,0.9664877411867111,0.09229151280809106,0.958998270946119,0.9596278878258828,0.9180013982392647,0.9975557000866258,0.9937176107819041,,2
nomao,random,1.0,3,0.9598143043667489,0.10370978823953546,0.9507885805215552,0.9509946824025853,0.9015776960833883,0.9968968118902247,0.9920397971977513,,2
nomao,stratified,1.0,3,0.9632960974902075,0.09652652399431923,0.9550660562306786,0.9554128285748352,0.9101336057826974,0.9972142356491848,0.9929773594698328,,2
nomao,coreset,1.0,3,0.9619904250689105,0.09966008226391566,0.9538771599482352,0.9583087511175453,0.9079944664267838,0.9971016547190383,0.9925210585356535,,2
nomao,prototype,1.0,3,0.9618453503554331,0.10629549228987152,0.9533042035023541,0.9537878237787245,0.9066113257350165,0.996762536086195,0.9914908746001695,,2
nomao,stratified_coreset,1.0,3,0.9622805744958653,0.1002033613920852,0.9540657753041402,0.9568355200159746,0.9082260280386004,0.9970630927011835,0.9924219389159098,,2
nomao,random,1.0,4,0.9619904250689105,0.10220090785029894,0.953346700986506,0.9525178343116024,0.9067020288302503,0.9969888811077241,0.9922121993251202,,2
nomao,stratified,1.0,4,0.9617002756419556,0.10267602589555982,0.9529761472851342,0.9520099622953505,0.9059640383050517,0.9970073900599756,0.9922678445226766,,2
nomao,coreset,1.0,4,0.9651820687654142,0.09526475502492267,0.9576371185619852,0.96084749234582,0.915399521970238,0.9973552863148263,0.9932247975216175,,2
nomao,prototype,1.0,4,0.9603946032206586,0.10551372890258753,0.9515581053985741,0.9523152115301388,0.9031233939981591,0.9966269284143214,0.9912516879215163,,2
nomao,stratified_coreset,1.0,4,0.9637313216306398,0.09657009418774726,0.9556190997160858,0.9561746365992131,0.9112420215645894,0.9971584456055671,0.9927265177266312,,2
connect-4,random,0.1,1,0.7376,0.6518587086861769,0.4704976724116647,0.4810423824686246,0.40369395439328665,0.5944683847146003,0.8004710627226866,0.9091,3
connect-4,stratified,0.1,1,0.7332,0.6582205224021372,0.4652712981672578,0.4755937009468834,0.3915957775066608,0.5672554837867477,0.7847475005935743,0.9082,3
connect-4,coreset,0.1,1,0.7107,0.6948516136122745,0.43384081491898835,0.44318127923802786,0.3237602983920051,0.5453591665123839,0.7570304952656842,0.9079,3
connect-4,prototype,0.1,1,0.4573,1.1660346416473648,0.34585240650564186,0.3549717211172639,0.045056358694284614,0.36495747747149226,0.5450422383504946,0.6637,3
connect-4,stratified_coreset,0.1,1,0.6782,0.7818949331996365,0.40546581321964426,0.418842459873854,0.24368295269366685,0.47702293041679167,0.6829948655610778,0.9046,3
connect-4,random,0.1,2,0.7377,0.6568097481183913,0.47558721192025866,0.4910094471975856,0.412235275356273,0.5774294514534618,0.7924767468908048,0.9112,3
connect-4,stratified,0.1,2,0.7282,0.6646606039782115,0.46289597887107364,0.4772149616599781,0.3859662146767411,0.568246592731615,0.7846624673149596,0.907,3
connect-4,coreset,0.1,2,0.6959,0.7421492672829647,0.4120273368003766,0.4231433696794034,0.27746948513293945,0.5032588321378945,0.7112469663566201,0.9053,3
connect-4,prototype,0.1,2,0.5089,1.1058716147199523,0.3619159244746224,0.36592481843778596,0.06238740204362159,0.39068250328425463,0.5856752883609054,0.6924,3
connect-4,stratified_coreset,0.1,2,0.6804,0.7694195635104617,0.36877276669145775,0.3877492342052795,0.20718270701907138,0.4716151411967667,0.679075881518577,0.9045,3
connect-4,random,0.1,3,0.7214,0.6893879272990061,0.4455647630142832,0.4533456001988234,0.3527898755711576,0.5550046978541027,0.7718311908973999,0.9088,3
connect-4,stratified,0.1,3,0.7295,0.6663697380887953,0.4639145923105259,0.4715270934877642,0.3810577569179292,0.5707541339986105,0.7832139529236083,0.9078,3
connect-4,coreset,0.1,3,0.7043,0.7205425123463033,0.4168317755154069,0.42612541251356023,0.29692396732561166,0.5263748277215826,0.7406926728612651,0.9092,3
connect-4,prototype,0.1,3,0.5091,1.0679438595420736,0.3592543745105424,0.36254406397974065,0.04676166104473529,0.3647299341134059,0.5526777633357906,0.7017,3
connect-4,stratified_coreset,0.1,3,0.6757,0.7625545263440082,0.3621855353078631,0.3829962043137723,0.19157933413978187,0.48115455362790654,0.695377768780583,0.9045,3
connect-4,random,0.1,4,0.7308,0.663710013848175,0.4593765251149205,0.46929310120649403,0.38354799553557295,0.5764450805412591,0.7978005927847719,0.9096,3
connect-4,stratified,0.1,4,0.7308,0.6503457814507739,0.45864822631532576,0.4679370083170928,0.38246563935355143,0.5772650855518391,0.793224705177404,0.9094,3
connect-4,coreset,0.1,4,0.7009,0.7374143829990366,0.42947724170723517,0.4352330430516957,0.29813097014037376,0.5244667752099659,0.73255109604378,0.9004,3
connect-4,prototype,0.1,4,0.5173,1.0564072392476405,0.39685151746776265,0.4306484078323039,0.18567746221583267,0.40686800899497716,0.6045486854740038,0.7975,3
connect-4,stratified_coreset,0.1,4,0.6931,0.7428118857003999,0.39409035209138765,0.4069780662011741,0.2562225117766978,0.5053764494307466,0.708805773161577,0.9055,3
connect-4,random,0.25,1,0.7577,0.6024194525054831,0.5003570442609302,0.5092094559093399,0.4592051027001391,0.6195905653265134,0.8288506328169105,0.9155,3
connect-4,stratified,0.25,1,0.7541,0.6081131464500907,0.4882630310052316,0.4993136651326709,0.44712191100698956,0.6120818030083582,0.8277012089951775,0.914,3
connect-4,coreset,0.25,1,0.7397,0.6346075874787561,0.49609671567939023,0.5145547319477421,0.43703184341154827,0.5954714224143579,0.8090209020733292,0.913,3
connect-4,prototype,0.25,1,0.5762,0.992298285711907,0.4350685102046777,0.44828002851611926,0.21370808113351722,0.46435258677200064,0.6729370678882037,0.7797,3
connect-4,stratified_coreset,0.25,1,0.734,0.6696433170283759,0.4660651134456993,0.4767615869988831,0.394220731036652,0.5670984079149294,0.7802374194933259,0.9074,3
connect-4,random,0.25,2,0.7573,0.593881266700666,0.49838853841781194,0.5145019666129121,0.46340973502442157,0.6214041489832782,0.8350669739318074,0.9168,3
connect-4,stratified,0.25,2,0.7516,0.6025542492865926,0.48820279948475703,0.5003838409405178,0.44331716126214066,0.6175492900603944,0.8285159900433635,0.916,3
connect-4,coreset,0.25,2,0.7475,0.625236390226385,0.4893873691738652,0.5023389652566933,0.43646493884855314,0.5994883362882637,0.8103783512225475,0.9144,3
connect-4,prototype,0.25,2,0.5058,1.1938043994905794,0.40915895717861367,0.44893085661348686,0.20157607470781339,0.4501302041873987,0.6517523103693031,0.695,3
connect-4,stratified_coreset,0.25,2,0.7279,0.6679471857109877,0.46122155924969027,0.4737575788164206,0.38155110238524775,0.5596205610215398,0.7659930673503098,0.9043,3
connect-4,random,0.25,3,0.7537,0.5956135189255432,0.4953876861826459,0.5094618875825736,0.45315164963623233,0.6181338607584621,0.831559441082554,0.9141,3
connect-4,stratified,0.25,3,0.7589,0.6020364399577105,0.5015497902114321,0.5098612188595465,0.4620314825535842,0.6153451874415751,0.8264355877127626,0.9147,3
connect-4,coreset,0.25,3,0.739,0.6461233922705576,0.507882613600796,0.5029539980242803,0.4194572422332205,0.5877187079396969,0.7958576725894603,0.9119,3
connect-4,prototype,0.25,3,0.5511,1.1061452824296718,0.4202931333254787,0.440184437607408,0.19731052940599256,0.4577357977102967,0.6578629033986925,0.7294,3
connect-4,stratified_coreset,0.25,3,0.728,0.6686422438901738,0.4525460017783746,0.4612643550646725,0.37289874557158686,0.5614287706349588,0.7737238608335436,0.908,3
connect-4,random,0.25,4,0.7537,0.6091488526129584,0.48905607006615853,0.500551971926804,0.4466651799722231,0.6087061376907287,0.8277463325529569,0.9139,3
connect-4,stratified,0.25,4,0.7543,0.5987930441969137,0.4896123648132155,0.5029746799177772,0.45004539664337306,0.6188526088088934,0.8304591556070949,0.9146,3
connect-4,coreset,0.25,4,0.7429,0.6381173503529893,0.4769911364648272,0.4824246630822748,0.41488064357343624,0.5982526992502198,0.8074888315142603,0.9121,3
connect-4,prototype,0.25,4,0.5744,1.001796150691416,0.4535394704604114,0.48585988748644976,0.2745496561651446,0.49285796518630276,0.7010677574290402,0.7839,3
connect-4,stratified_coreset,0.25,4,0.7381,0.6452534524482134,0.4742863683703049,0.48833029170846354,0.4106914853727822,0.5750953847937749,0.788056331708034,0.9092,3
connect-4,random,0.5,1,0.767,0.570934950666077,0.5089071575452446,0.5278044324618345,0.4895940596425252,0.6380653716879028,0.8480124567848203,0.9153,3
connect-4,stratified,0.5,1,0.7682,0.5658075216027273,0.5068850242371048,0.5259912396706188,0.49070002116129463,0.6476519904733332,0.85190544282028,0.9201,3
connect-4,coreset,0.5,1,0.7675,0.5725189280293698,0.5073285261452888,0.5283895956808721,0.49101368711088067,0.6410666373378716,0.8491866208900412,0.9158,3
connect-4,prototype,0.5,1,0.6223,0.9001957867083478,0.47652174889557797,0.486481485113754,0.278853176266361,0.5081915478909836,0.7165418582041615,0.8156,3
connect-4,stratified_coreset,0.5,1,0.7504,0.6264566929746366,0.4834022418893112,0.4962535712715292,0.43932382672327297,0.6005372453668576,0.8105888673273384,0.9076,3
connect-4,random,0.5,2,0.7645,0.5732723886170025,0.5007018552224032,0.5173778811986449,0.47864479920326625,0.636686923365464,0.8484547793145366,0.9185,3
connect-4,stratified,0.5,2,0.7597,0.5709661832171838,0.49770842516899133,0.515500050469541,0.4690716631510838,0.6379403468411677,0.8501932859907025,0.9185,3
connect-4,coreset,0.5,2,0.7637,0.58721958593129,0.5082185120664063,0.518095735007719,0.47539413463451047,0.6240741630129127,0.8355288744368208,0.9148,3
connect-4,prototype,0.5,2,0.6364,0.8710951234028742,0.4969315521405342,0.5091029427709174,0.3180809708589057,0.5296653319231597,0.7376360816550583,0.8099,3
connect-4,stratified_coreset,0.5,2,0.7498,0.6293812940583287,0.480079932603636,0.4886607591397136,0.4332322010525132,0.5923726814079158,0.8003331204992126,0.9113,3
connect-4,random,0.5,3,0.7767,0.5569849480925263,0.5352501640098358,0.5474280895799142,0.5170052746171317,0.6469440608764044,0.8548971511132617,0.9251,3
connect-4,stratified,0.5,3,0.7668,0.5675300716204411,0.51058484346891,0.5250421503596258,0.4865499722140699,0.6462701697877152,0.8512291072173005,0.9173,3
connect-4,coreset,0.5,3,0.766,0.5830226392716009,0.5236377318200915,0.5334868572359345,0.4882975667320366,0.629033946027298,0.8372908377043099,0.9187,3
connect-4,prototype,0.5,3,0.6463,0.8328437621276187,0.5005254951776008,0.5099858454527978,0.3215522201527029,0.545021460316559,0.7497276531912211,0.8423,3
connect-4,stratified_coreset,0.5,3,0.7494,0.6197704098066629,0.4861030652670888,0.5006630532434696,0.4395327974648141,0.599556004076077,0.813983649436973,0.9099,3
connect-4,random,0.5,4,0.7771,0.5473944017371976,0.5144024796669776,0.5303724226011233,0.5092354376024306,0.6536159596971277,0.8604032109522892,0.9213,3
connect-4,stratified,0.5,4,0.7718,0.5543692178933055,0.5093259487915156,0.5195150852101199,0.49284643698006186,0.6523218003970958,0.8575590129632449,0.9211,3
connect-4,coreset,0.5,4,0.7654,0.5712424195136139,0.5194970474590092,0.5326604347923606,0.48779711237494505,0.6366068132684609,0.8454266473820887,0.9192,3
connect-4,prototype,0.5,4,0.6496,0.8632074048568835,0.5134970147074417,0.5267695860756313,0.34180289087697624,0.545828504700221,0.7544928364375191,0.8184,3
connect-4,stratified_coreset,0.5,4,0.7452,0.6196046840673728,0.4798982172965971,0.492518701087766,0.4262511091247679,0.6029539981494877,0.8154040145178235,0.9103,3
jannis,random,0.1,1,0.6501,0.8127735203810936,0.4736245959088056,0.4752639796119862,0.4435808137972704,0.5185410344592826,0.810915922647791,0.9092,4
jannis,stratified,0.1,1,0.6644,0.7841048008212343,0.4868171625567931,0.49403089752962837,0.46881902326135705,0.5545090755779105,0.8359221743358602,0.9118,4
jannis,coreset,0.1,1,0.6468,0.8193146471152071,0.4720820993021648,0.46844712436955255,0.44590693672892856,0.5166394050083101,0.7967896504042254,0.9065,4
jannis,prototype,0.1,1,0.623,0.8900049040720643,0.4473562762098079,0.4751606540271024,0.41914247561932316,0.48389788091748187,0.7820079444281617,0.9113,4
jannis,stratified_coreset,0.1,1,0.5758,0.934105094811629,0.32224602140445074,0.36113764822950223,0.32896512475212947,0.4596614872737818,0.7670785884785298,0.8752,4
jannis,random,0.1,2,0.6576,0.8047103732810912,0.48039941920876034,0.4923026741958181,0.4607508050784313,0.54429469721047,0.8235359829990194,0.9148,4
jannis,stratified,0.1,2,0.6522,0.7946229491247371,0.47918290860529794,0.48255308468573943,0.4489038517655471,0.5324172743913276,0.8214173278968053,0.9121,4
jannis,coreset,0.1,2,0.6289,0.8150690670689593,0.4470774297380945,0.4447950130987466,0.4389154634992531,0.5320746691725814,0.8153620426600133,0.9109,4
jannis,prototype,0.1,2,0.6181,0.8804669235535357,0.4462152543269421,0.4628840665238327,0.4013311515182067,0.49834276846133335,0.7876060442326402,0.9085,4
jannis,stratified_coreset,0.1,2,0.6181,0.9100037908326525,0.44055064650396136,0.43495442026605335,0.3905816144570915,0.501426604589102,0.7910242789248736,0.8937,4
jannis,random,0.1,3,0.6646,0.790034061795607,0.4870386221244404,0.490818572265071,0.4677105913772707,0.5382521364857247,0.8225667493979467,0.9158,4
jannis,stratified,0.1,3,0.6491,0.8041365270197506,0.4683414105952866,0.4696904753234842,0.4383511563352831,0.5270870406949826,0.8195280528126396,0.9149,4
jannis,coreset,0.1,3,0.6196,0.8313244307112847,0.4282742892783496,0.42784325811273843,0.41936959637279875,0.5197578170163196,0.8048765258365687,0.9058,4
jannis,prototype,0.1,3,0.6206,0.9037191424247303,0.4446734810842028,0.47104558742753105,0.41453476171805786,0.47599341757789676,0.7650347758259227,0.9021,4
jannis,stratified_coreset,0.1,3,0.5664,0.9537212743157022,0.3166821626356593,0.35904128512922867,0.3310767460778924,0.4567137265194474,0.7660387354523993,0.8877,4
jannis,random,0.1,4,0.6432,0.805393526993533,0.47374668930425634,0.47476139220881963,0.43777786921303213,0.5259392509428698,0.8153152920887459,0.913,4
jannis,stratified,0.1,4,0.6573,0.7884469408297069,0.485377626920138,0.492926569303909,0.460308924252431,0.5505718994572046,0.8252622403054454,0.9147,4
jannis,coreset,0.1,4,0.6278,0.8444485656667108,0.42730224808327066,0.42668985757567823,0.4175131204361226,0.5093961647201807,0.7912835730655248,0.902,4
jannis,prototype,0.1,4,0.6215,0.9011964566401508,0.45785689687002595,0.47971796595908617,0.41532696780512374,0.46716841223297484,0.7633196876660954,0.9103,4
jannis,stratified_coreset,0.1,4,0.5809,0.9530663718053607,0.32254920402033993,0.3625086435037834,0.33408257094089394,0.43864021300429057,0.7491006687889761,0.8772,4
jannis,random,0.25,1,0.6812,0.753772320120961,0.5022699180044276,0.5090943393948175,0.49798221620131106,0.5688010627274156,0.8445663641433161,0.9164,4
jannis,stratified,0.25,1,0.6876,0.7533053502625789,0.5198932433243951,0.5173598458240671,0.5061010816315542,0.5734880435985459,0.8467895636225476,0.9165,4
jannis,coreset,0.25,1,0.6802,0.7670654675846916,0.5051224990654943,0.50960618904957,0.5024970240406921,0.5629493575300333,0.8413951065598166,0.9154,4
jannis,prototype,0.25,1,0.6486,0.8388401349513941,0.4849045927872725,0.48659122425083795,0.44418195715130776,0.5413307813398163,0.8137454472647283,0.9139,4
jannis,stratified_coreset,0.25,1,0.6586,0.8176059115505742,0.48279385417316223,0.48579816728725644,0.46082335251440915,0.5367318695808483,0.8148387163795341,0.9096,4
jannis,random,0.25,2,0.6819,0.7564061276640334,0.5020662164718462,0.5060939942861296,0.4957548655583595,0.5714237932597278,0.8459867979905131,0.9161,4
jannis,stratified,0.25,2,0.6775,0.7585229519713188,0.522830747395928,0.5155769336198521,0.49116844833015844,0.5763659906718391,0.8478156132826554,0.9148,4
jannis,coreset,0.25,2,0.6783,0.7665001369225051,0.5007722244266699,0.4991566911417521,0.49824110227948376,0.5654502664416057,0.842997665655755,0.9122,4
jannis,prototype,0.25,2,0.6357,0.828282269491836,0.4725235638059034,0.4787632271872161,0.43406891402213366,0.5354793290049383,0.8168417493613319,0.9138,4
jannis,stratified_coreset,0.25,2,0.6552,0.8143104422216706,0.47802299039714236,0.4904407701766037,0.4583665454523955,0.5491031321916942,0.8295599551286529,0.9083,4
jannis,random,0.25,3,0.6826,0.763809997977683,0.5090361964383346,0.5054566269008218,0.49345693223060283,0.5739732491365561,0.8426777215518126,0.9166,4
jannis,stratified,0.25,3,0.6765,0.7640522145203065,0.49574736686836696,0.4989168650898125,0.48534656385025343,0.5710160903710891,0.8390274241133118,0.9184,4
jannis,coreset,0.25,3,0.6687,0.7722514630986858,0.4854631915223221,0.4801542601058463,0.4805446316700744,0.5562114860861238,0.8366443193998225,0.9124,4
jannis,prototype,0.25,3,0.6625,0.8116227186796872,0.504688221231544,0.49820828728154765,0.4639926792238733,0.5548951529620869,0.8251876877753671,0.9095,4
jannis,stratified_coreset,0.25,3,0.6658,0.818794123694084,0.4855727608629519,0.48766233712098084,0.46703448862944785,0.5499045975897192,0.8310608700703281,0.9089,4
jannis,random,0.25,4,0.6745,0.761296082108743,0.5070688102874017,0.5048892195164352,0.4833833175766383,0.5744472430933905,0.841318574432497,0.9183,4
jannis,stratified,0.25,4,0.6844,0.7511125875714965,0.5047375875653094,0.5059381390386786,0.4982871777378518,0.5799663368756919,0.8423910539839423,0.9167,4
jannis,coreset,0.25,4,0.6779,0.7586225807470833,0.5024489780758088,0.4995828065879597,0.49173920650648617,0.5695317821895385,0.8420254478226203,0.9171,4
jannis,prototype,0.25,4,0.657,0.8271167803195655,0.48450116402710264,0.49030510776332414,0.4578095070160893,0.5400439237895365,0.8172533729748678,0.916,4
jannis,stratified_coreset,0.25,4,0.647,0.823631633011151,0.4654965362341349,0.4753958263778983,0.44134365231725714,0.5515484911552732,0.827362417136004,0.9063,4
jannis,random,0.5,1,0.6937,0.7313875334018459,0.5139833136370839,0.5140035948931228,0.5174120684161221,0.5971479840897838,0.8539582539845372,0.9205,4
jannis,stratified,0.5,1,0.6932,0.7308818175367926,0.5251179314838472,0.5226750840219567,0.5167689214128907,0.6012547233057214,0.855369790507851,0.921,4
jannis,coreset,0.5,1,0.6916,0.7420375303265919,0.512089985875751,0.5142127163127375,0.5184438363523631,0.5775967470535988,0.848599449819432,0.9184,4
jannis,prototype,0.5,1,0.6617,0.7856141513525372,0.5266404765623348,0.523396356833061,0.47508418871452507,0.5657159925618522,0.8377675671294679,0.9169,4
jannis,stratified_coreset,0.5,1,0.6813,0.7742602035200351,0.5025421220632842,0.5162118208683604,0.5023427334573058,0.5785582925708062,0.8455224698924703,0.9157,4
jannis,random,0.5,2,0.6959,0.7326559535036689,0.5168470113543339,0.5189400300957809,0.5203724009573453,0.5885284847564208,0.8554424232234404,0.9201,4
jannis,stratified,0.5,2,0.6937,0.7378148389905281,0.526180241204889,0.5181294070691281,0.5138160948901344,0.5893271097796742,0.8543895818779706,0.9178,4
jannis,coreset,0.5,2,0.6926,0.7366605548165093,0.5158214978390068,0.516692966812362,0.5183664636529738,0.5846689542514414,0.8529217848142838,0.9177,4
jannis,prototype,0.5,2,0.6656,0.7840344777891681,0.4972026235328977,0.5029129320144653,0.4742772469219141,0.5710077655937198,0.8342386435784068,0.9181,4
jannis,stratified_coreset,0.5,2,0.6784,0.7764474747264715,0.49709322752352736,0.5149368431589421,0.49911223504387153,0.5807134719568425,0.8462015124873408,0.9142,4
jannis,random,0.5,3,0.6979,0.7347080819782749,0.5344219418799793,0.5242421197806368,0.5196337022175926,0.5964536890376596,0.8536278290816397,0.9208,4
jannis,stratified,0.5,3,0.6916,0.7437885356506777,0.5089027051376439,0.5121713689294196,0.5095516878242183,0.5832871192944034,0.8498480442380145,0.9208,4
jannis,coreset,0.5,3,0.6942,0.7398214559560762,0.5125782461940726,0.5113125190164555,0.518180814491113,0.5823733244585824,0.8504750990692815,0.9196,4
jannis,prototype,0.5,3,0.6701,0.7811178949573568,0.5281761093469656,0.5241443042248082,0.4824038078320582,0.5729471827619101,0.8377657440766959,0.9175,4
jannis,stratified_coreset,0.5,3,0.6773,0.7789742243612594,0.49612757582276695,0.5120860906223907,0.49503947022936784,0.581067114582732,0.8478853662331396,0.9167,4
jannis,random,0.5,4,0.691,0.7389543746518331,0.5255745275146657,0.521256428175938,0.5095493055433773,0.5885979766876288,0.8505294631101659,0.9191,4
jannis,stratified,0.5,4,0.7033,0.7235754186983197,0.5196449050785504,0.5193062134160064,0.5274926406020997,0.6033775631575486,0.8583898117014864,0.9209,4
jannis,coreset,0.5,4,0.6955,0.7404485074494674,0.514394599688911,0.5170656998758476,0.5208137085708706,0.5817701110651072,0.8491997090831458,0.9184,4
jannis,prototype,0.5,4,0.6824,0.7648948484814481,0.5337580054844255,0.5293851741949714,0.5000935706356344,0.5845436799141199,0.8439802777277425,0.9188,4
jannis,stratified_coreset,0.5,4,0.686,0.7672842673373842,0.5007435184751601,0.5131079370289938,0.5061054165326491,0.5827123606648956,0.8492123900638504,0.9184,4
volkert,random,0.1,1,0.556,1.2963354672527236,0.37844233352311635,0.38412908955547537,0.47247460049252626,0.43376487815261794,0.8627881345197486,0.7368,10
volkert,stratified,0.1,1,0.567,1.272827902705244,0.40855061661926817,0.4014713071900794,0.4849335767857647,0.44792891395520956,0.8682243477881016,0.7411,10
volkert,coreset,0.1,1,0.5038,1.4491363729325406,0.3557565741622109,0.3824645726114453,0.4173910118135995,0.39973406986476306,0.841401835569334,0.6937,10
volkert,prototype,0.1,1,0.4603,1.5638459676764145,0.3219260794469546,0.3308787150006314,0.36655160458155955,0.3441156569337201,0.8084018877484687,0.643,10
volkert,stratified_coreset,0.1,1,0.3802,1.6769481836679183,0.21305724108428076,0.232716442547156,0.2775155573917108,0.26841361588017154,0.770267163004538,0.5458,10
volkert,random,0.1,2,0.5692,1.257947089305067,0.42561987190051465,0.40857296962099143,0.4892472522224165,0.4569795746863726,0.8771324025813184,0.7452,10
volkert,stratified,0.1,2,0.5639,1.257698544920229,0.4159078153882107,0.40568660289948666,0.4818254791672083,0.45609801912622994,0.8739463433381388,0.7496,10
volkert,coreset,0.1,2,0.52,1.471347678516504,0.3484484400423623,0.3852169823788264,0.43266229844194404,0.40462103021151713,0.8357316324047754,0.6967,10
volkert,prototype,0.1,2,0.4295,1.6446051433009259,0.2969683330122397,0.2979456560878832,0.3247069176446951,0.32518964574787174,0.7892898253900957,0.6157,10
volkert,stratified_coreset,0.1,2,0.4111,1.6654795380406286,0.226685137548366,0.23687133740691507,0.3105833849852909,0.2744100803366156,0.7601686223054143,0.5896,10
volkert,random,0.1,3,0.5646,1.266229529844231,0.41132162954223866,0.4038109047506283,0.481552389354711,0.4482851161429773,0.87077146748051,0.7381,10
volkert,stratified,0.1,3,0.5695,1.2897715029146393,0.41794067590331496,0.41252811346692936,0.48764802617392883,0.44583027325334346,0.8640875369145953,0.743,10
volkert,coreset,0.1,3,0.4988,1.4363959164908626,0.3593729433724664,0.3841497034500052,0.41169463166866105,0.4015765366116715,0.8427041882309692,0.6873,10
volkert,prototype,0.1,3,0.4605,1.5145713101331326,0.34210674310713807,0.3366976233737751,0.3584662903770395,0.3522063064238075,0.8232523454562308,0.6637,10
volkert,stratified_coreset,0.1,3,0.3983,1.6512853305913406,0.22287238872912435,0.24737844598864034,0.30273989120597955,0.2767148152213827,0.7776008609598775,0.5729,10
volkert,random,0.1,4,0.5623,1.2828327078245718,0.39525768868217775,0.3897680135638412,0.4792781086873838,0.4363637287861016,0.8642597868990988,0.7377,10
volkert,stratified,0.1,4,0.5689,1.2454406251063888,0.4113372902127838,0.40821695797742164,0.4889846088372609,0.45094009392240925,0.8699438911453262,0.75,10
volkert,coreset,0.1,4,0.5088,1.4704996250110132,0.36604194823891295,0.38615536199031597,0.4213599072879449,0.4132648115511513,0.8395506827081171,0.6825,10
volkert,prototype,0.1,4,0.4588,1.5424393132690966,0.34676972271342926,0.33422855854639216,0.360796334463343,0.3550709757227041,0.8227803186208309,0.6606,10
volkert,stratified_coreset,0.1,4,0.379,1.6920805412319686,0.20115813043205572,0.22587290542862853,0.2822688148508767,0.27471460897336886,0.7713271692374183,0.5644,10
volkert,random,0.25,1,0.5993,1.1776997018733757,0.47244243692544297,0.4552829071630044,0.5247763211823483,0.5146230385291084,0.888603862162908,0.7727,10
volkert,stratified,0.25,1,0.5868,1.1860273364438527,0.43430354726137316,0.42090913220037046,0.50935773022168,0.4919531900591238,0.8870577166349201,0.7701,10
volkert,coreset,0.25,1,0.5332,1.3596301790980767,0.4029616792698093,0.40720198006804126,0.45343105509605747,0.4480626960398876,0.8584556808453524,0.7175,10
volkert,prototype,0.25,1,0.5156,1.4102179986387866,0.40378986368284686,0.39711734836750123,0.42644103997789834,0.41947772863451194,0.8476631112300159,0.7167,10
volkert,stratified_coreset,0.25,1,0.4695,1.4811941237876345,0.29697251457413076,0.30569966657865844,0.3825416146800485,0.3641757065698802,0.8368548097648176,0.6529,10
volkert,random,0.25,2,0.5996,1.1603847889850345,0.48087058136647914,0.45751202183763573,0.5256535123305681,0.5128234711172823,0.8934273717436007,0.7736,10
volkert,stratified,0.25,2,0.5934,1.1628825399367642,0.4733377943193514,0.4547539056513538,0.5183992366914396,0.5158546317011469,0.8940449594627478,0.7757,10
volkert,coreset,0.25,2,0.5323,1.3639647618691038,0.4066898429339635,0.4128496035718638,0.45082526819633323,0.4556402889599266,0.8612567216172948,0.7212,10
volkert,prototype,0.25,2,0.5158,1.4147929281790086,0.42351253511539316,0.43372544505588095,0.433570776686156,0.43044251296985936,0.8513059396259035,0.7052,10
volkert,stratified_coreset,0.25,2,0.4808,1.4548807082230548,0.31176948026545925,0.3113680977213581,0.39884044478067426,0.3878298450081529,0.8371487668895428,0.6632,10
volkert,random,0.25,3,0.5964,1.1683840465379665,0.45414674618371087,0.44006171661406324,0.519754361343303,0.5035582754080544,0.8903927813415635,0.7725,10
volkert,stratified,0.25,3,0.5923,1.1763041799435952,0.4526934169523965,0.4379977528438884,0.5142437406278333,0.50560780582177,0.8906730824185791,0.7685,10
volkert,coreset,0.25,3,0.5339,1.3486307136747677,0.41413499056035635,0.4189305875178208,0.45168976579087367,0.4443210931968819,0.8604303543617944,0.7203,10
volkert,prototype,0.25,3,0.507,1.3706594818845579,0.39108709106470474,0.3830182915806397,0.413576064362312,0.4213694768180888,0.8535161674718929,0.7183,10
volkert,stratified_coreset,0.25,3,0.4613,1.5095744931121935,0.28159321141978144,0.2885872448971988,0.3784009715899716,0.3518501612121123,0.8251106558296056,0.6439,10
volkert,random,0.25,4,0.5912,1.1854384565921718,0.46724233976419044,0.44363771764192733,0.5146406940777871,0.4981122867432884,0.8870756987598394,0.7676,10
volkert,stratified,0.25,4,0.5991,1.16409848549082,0.4594552525688667,0.44821035075283755,0.5253399304159856,0.5035570989795347,0.8925908893288936,0.773,10
volkert,coreset,0.25,4,0.526,1.3303533533995544,0.4055120455490792,0.40927617164669944,0.44378622723390987,0.44681541145221926,0.860419230223829,0.7164,10
volkert,prototype,0.25,4,0.481,1.4381092829890352,0.38528432693505665,0.371047923579098,0.3840628166770447,0.4133801283648625,0.8438841621447933,0.6825,10
volkert,stratified_coreset,0.25,4,0.451,1.5205136050092256,0.2938584425436248,0.3040767198409062,0.36830517139570024,0.36244369010401195,0.8294060119665498,0.6254,10
volkert,random,0.5,1,0.6133,1.119827296443547,0.4971331971666846,0.47861735262095334,0.5413628973503556,0.5480592532987119,0.9003004193267052,0.789,10
volkert,stratified,0.5,1,0.6038,1.1320333502911069,0.4637680738127899,0.44858288673391256,0.5309020567756402,0.5273474407651458,0.8984555134861987,0.7823,10
volkert,coreset,0.5,1,0.5433,1.2768694378439835,0.42061812698100914,0.4161039367018849,0.4656365918875567,0.4751199368230015,0.8723871704110782,0.739,10
volkert,prototype,0.5,1,0.5102,1.371534200323189,0.4398595623094218,0.43147579614840226,0.4296798697471396,0.4748712034648512,0.8683817612480533,0.7238,10
volkert,stratified_coreset,0.5,1,0.5222,1.3460691285831308,0.34109303930040635,0.34321312896857403,0.4429899737134233,0.4246628615941991,0.8641902761259713,0.7076,10
volkert,random,0.5,2,0.6124,1.1095026252005387,0.5032247955409092,0.47956433210529853,0.5401012519101903,0.5391590884566859,0.9044414949922988,0.7892,10
volkert,stratified,0.5,2,0.6101,1.1057427229964976,0.4988882527834244,0.47705968739599547,0.5385012207477486,0.5448852192773046,0.9056706173858238,0.7892,10
volkert,coreset,0.5,2,0.547,1.2489813454726557,0.4438557207934063,0.4412514073015504,0.47025575446882917,0.4877675652164465,0.8800012231120071,0.7406,10
volkert,prototype,0.5,2,0.5496,1.3007703718591972,0.4537775580381531,0.4453528046206836,0.46755649991752507,0.4771141397842106,0.8771282532495664,0.7346,10
volkert,stratified_coreset,0.5,2,0.5246,1.3308688222458829,0.3543241221295662,0.3509207758884479,0.4474676300041495,0.4431539398786087,0.8664685463821968,0.7116,10
volkert,random,0.5,3,0.614,1.1113584454681942,0.4881411485139835,0.47317014657492046,0.5423116826412268,0.5417483772376409,0.9040509212723891,0.7888,10
volkert,stratified,0.5,3,0.6133,1.1063097732205665,0.48523865474686245,0.46226755841497935,0.540013870555892,0.5395524967640355,0.904315257612574,0.7918,10
volkert,coreset,0.5,3,0.5548,1.2566740390720716,0.4319762497372472,0.4321309477921016,0.47411742428086184,0.48131821535849284,0.8770689508509385,0.7463,10
volkert,prototype,0.5,3,0.5453,1.313129357336674,0.4384233863624657,0.42668938985601407,0.46045342552634694,0.45628155558816924,0.869868816309672,0.7356,10
volkert,stratified_coreset,0.5,3,0.516,1.3549080468127763,0.3491988287842667,0.35389195928733713,0.4391030719574482,0.4402555272416758,0.864769538596158,0.7046,10
volkert,random,0.5,4,0.6106,1.1165451891737694,0.4970599745345706,0.4746761330318576,0.5388168048314473,0.534795090019696,0.9032055211473213,0.7882,10
volkert,stratified,0.5,4,0.6109,1.1143510287555696,0.49114268039264336,0.475494325832554,0.5387313412148391,0.5332398582130888,0.9028977626931015,0.7888,10
volkert,coreset,0.5,4,0.5483,1.2551914905060646,0.4142668620124967,0.4215485570245959,0.46709684314181177,0.47666851226725504,0.8734176196217767,0.7337,10
volkert,prototype,0.5,4,0.5319,1.332149363130354,0.44578178391554524,0.43144671287080183,0.4504070683722207,0.48499066308766015,0.8734284246829006,0.7257,10
volkert,stratified_coreset,0.5,4,0.5148,1.3550398227237885,0.3720552972663363,0.3602531369492422,0.43775984062192586,0.43646601186889217,0.8648753989161362,0.6927,10
connect-4,random,1.0,1,0.7712,0.5551904790159481,0.508043319263947,0.5244149576782445,0.49455023407278575,0.6518513473813693,0.8569082082659607,0.9185,3
connect-4,random,1.0,2,0.7731,0.5535483764282606,0.5132324071751321,0.5226824393769626,0.49673408978883027,0.6495577718534618,0.8571209302118402,0.9225,3
connect-4,random,1.0,3,0.7858,0.5298365271393116,0.5311605670864555,0.5411184066336943,0.5299072666265562,0.6730895351554352,0.872649978626463,0.9252,3
connect-4,random,1.0,4,0.7816,0.5330335599813245,0.5166192349981298,0.5317593236822352,0.5188539458248863,0.6634320029409122,0.8678931870683083,0.9222,3
connect-4,stratified,1.0,1,0.7727,0.5593090703861371,0.5077989920226017,0.5211062111382497,0.4955527623409161,0.651194137770062,0.8554480408934837,0.9198,3
connect-4,stratified,1.0,2,0.7697,0.5599871275556263,0.5099763063729514,0.5182486474408862,0.48771418364999775,0.6478249771699301,0.8561126736926393,0.9256,3
connect-4,stratified,1.0,3,0.7795,0.5397701172465691,0.5309027473988747,0.5401019601516187,0.5166178586410045,0.6675466918649514,0.868724063521476,0.9231,3
connect-4,stratified,1.0,4,0.7848,0.5303528900384891,0.5202592076911187,0.5354985540287706,0.5266713222347346,0.6651403128275435,0.8694264002111369,0.9244,3
connect-4,coreset,1.0,1,0.7719,0.5601742453310495,0.5079351653362493,0.5224809992538774,0.49458755849367186,0.64683489505659,0.8551814776723147,0.9163,3
connect-4,coreset,1.0,2,0.7724,0.5540794537138435,0.5099967819920783,0.5196935236978677,0.49418616118632025,0.6507188919987082,0.8586947438544247,0.922,3
connect-4,coreset,1.0,3,0.7785,0.5428444893049733,0.5245807398553387,0.5448699717657106,0.5206750548245372,0.6591575292373147,0.864519340506081,0.9209,3
connect-4,coreset,1.0,4,0.7904,0.5208986750786537,0.5314485801128409,0.5483900190167984,0.5432233177389275,0.6709951478392707,0.8743576889420157,0.9205,3
connect-4,prototype,1.0,1,0.7099,0.6919126964219142,0.5183872676785852,0.5438540700993905,0.4395978062854561,0.6106364432846244,0.8189182654379615,0.8896,3
connect-4,prototype,1.0,2,0.7284,0.6589847139622265,0.5195756277889784,0.5368356130180357,0.44334158203247714,0.6086601563603645,0.8185348922484174,0.8992,3
connect-4,prototype,1.0,3,0.7192,0.6730083345604364,0.5454200730717823,0.5583609543108805,0.4458876981964151,0.6091412352769003,0.8191097018971206,0.9003,3
connect-4,prototype,1.0,4,0.7343,0.6487688975822872,0.5510499343079747,0.5647109431565327,0.47275999325264545,0.6277725398366584,0.8308381180138121,0.9004,3
connect-4,stratified_coreset,1.0,1,0.7582,0.6050681782833671,0.490758836016785,0.5015592312276174,0.4570769151196126,0.6137087813131377,0.8234850990510605,0.909,3
connect-4,stratified_coreset,1.0,2,0.7467,0.6194135165983343,0.47417008257732673,0.4810733972113633,0.4233584579925151,0.6025207726270055,0.8122177671543273,0.913,3
connect-4,stratified_coreset,1.0,3,0.7637,0.5948914079800018,0.5001901507390288,0.5153624370907695,0.475199204879069,0.6228802394282026,0.8329639819678653,0.9117,3
connect-4,stratified_coreset,1.0,4,0.7615,0.5834342235248168,0.49207906466512985,0.49950094646382365,0.4633868231985918,0.6299145632104947,0.8388056953966424,0.914,3
jannis,random,1.0,1,0.7018,0.7173649649378702,0.5201354209900423,0.5200958347494202,0.5320136398291492,0.610045145758541,0.8620053745915619,0.9223,4
jannis,random,1.0,2,0.7031,0.7159599519538998,0.5249450072358611,0.5264388169555752,0.5301385219929633,0.6033630071299854,0.8646915899252801,0.9214,4
jannis,random,1.0,3,0.7021,0.7208485319836775,0.5513908274047572,0.534380838138415,0.5256322040936949,0.6092251531796928,0.8611188996125803,0.9233,4
jannis,random,1.0,4,0.6948,0.7336661086200184,0.5296159700067654,0.5220291140989558,0.5137856513130632,0.596982998453807,0.8539866595933421,0.9201,4
jannis,stratified,1.0,1,0.7028,0.7181661196690995,0.5370013579007592,0.5295773078302017,0.5316520435714914,0.6069794128825697,0.8642554444991924,0.9212,4
jannis,stratified,1.0,2,0.7049,0.7198679722089765,0.5390840123615126,0.5282723716121274,0.5316809946108845,0.6018204559241432,0.8626799192100225,0.922,4
jannis,stratified,1.0,3,0.6995,0.7282763380822824,0.519245090633039,0.5221514478384179,0.5253480580719594,0.5968406766043053,0.8591007258788301,0.9229,4
jannis,stratified,1.0,4,0.7012,0.7237100408814018,0.5185894280778456,0.5196572019682424,0.526407542238242,0.596359072517139,0.8568050524266559,0.9213,4
jannis,coreset,1.0,1,0.7029,0.7209803037198486,0.5207622863872987,0.5221961889454323,0.5335605189911606,0.5938530535969031,0.8600322811850855,0.9202,4
jannis,coreset,1.0,2,0.702,0.717325415139215,0.5193168616343922,0.5220302496102341,0.5316699114060544,0.6037367183639957,0.8627292595592192,0.9208,4
jannis,coreset,1.0,3,0.7004,0.7298290022036462,0.5195328281408073,0.5220383316935977,0.5322115253078433,0.5973769863843885,0.8600264059419974,0.9212,4
jannis,coreset,1.0,4,0.6996,0.7225356635630716,0.5195370295683996,0.5183988647944312,0.5257528683262885,0.595649458582708,0.8598156716152249,0.9232,4
jannis,prototype,1.0,1,0.6889,0.7513950029225573,0.5422467751475712,0.5286246602406989,0.5106362133428118,0.590360659428607,0.853878920951408,0.9211,4
jannis,prototype,1.0,2,0.6835,0.7579283620227439,0.5416716146485494,0.5292799403430404,0.5042798346041241,0.5943032367573523,0.8489560790538044,0.9197,4
jannis,prototype,1.0,3,0.6987,0.7435574739805794,0.5466781666301596,0.5355373667781065,0.5235465580663905,0.6053021625041151,0.8553301607023581,0.9218,4
jannis,prototype,1.0,4,0.6965,0.7449899606363694,0.5442754547432662,0.5338535844625778,0.5215252131776787,0.6041018941264384,0.8544654458924058,0.9221,4
jannis,stratified_coreset,1.0,1,0.6884,0.7470415581068494,0.5079592509079542,0.5225681023335502,0.5135455380492321,0.5987053011800734,0.8581792602042017,0.921,4
jannis,stratified_coreset,1.0,2,0.6861,0.7537763050142783,0.5042341360000011,0.5236961577558881,0.5136278041659228,0.6028809440998643,0.8583039137176224,0.9183,4
jannis,stratified_coreset,1.0,3,0.6903,0.7530821132152559,0.5062668574883589,0.5196054594077648,0.5138056680014312,0.5971696598791965,0.8578740798563875,0.9203,4
jannis,stratified_coreset,1.0,4,0.695,0.7443054247376797,0.5106478646288731,0.5207484974277505,0.5185992659307438,0.5953143803820614,0.8581909188881057,0.9217,4
volkert,random,1.0,1,0.6208,1.0858064243010899,0.510875997678464,0.48703385576648656,0.5507482307406025,0.567116557666467,0.9079209984067186,0.7969,10
volkert,random,1.0,2,0.6306,1.0520263865983162,0.5266308041261983,0.49757432364358667,0.5620939622146546,0.5819774867959394,0.9157500988374624,0.8052,10
volkert,random,1.0,3,0.6302,1.069319536447258,0.5267875925690761,0.5031684822155544,0.5613841298428519,0.567413406800126,0.9118022575819141,0.7996,10
volkert,random,1.0,4,0.6233,1.0821842235197892,0.5124203031562558,0.4880989755399695,0.553143582153878,0.5594190953506246,0.9102445512595267,0.7992,10
volkert,stratified,1.0,1,0.6128,1.0876915168349126,0.4874269491067754,0.4682571546358842,0.5415025144976718,0.5592224665918776,0.9085219681103727,0.7947,10
volkert,stratified,1.0,2,0.6222,1.0788566091762573,0.5168088827208395,0.4925874555434075,0.5531441134156038,0.5606222980878092,0.910877549584086,0.7976,10
volkert,stratified,1.0,3,0.6255,1.068994537573552,0.5169703523511016,0.49257000626968284,0.5554154887007876,0.565472925492853,0.9116044846754704,0.7989,10
volkert,stratified,1.0,4,0.6254,1.0687541166491268,0.5037709974998124,0.48553933707256924,0.5556450834839682,0.557894166946864,0.9119043033619828,0.7999,10
volkert,coreset,1.0,1,0.5694,1.2032614889889197,0.4416306274960613,0.4316942182451702,0.49259323769907815,0.5021150618944159,0.884077686382428,0.7575,10
volkert,coreset,1.0,2,0.5591,1.190830414084057,0.4499484407550066,0.43735550077793706,0.4849734989725614,0.5114610592684137,0.8919493373836478,0.7558,10
volkert,coreset,1.0,3,0.5649,1.208030414174448,0.4494731249554243,0.4439026410099773,0.48808190225861203,0.5056905008810383,0.887738746370688,0.7468,10
volkert,coreset,1.0,4,0.5618,1.1994886367815663,0.4444936740289648,0.4330363114813391,0.48607744571747485,0.5045261684911885,0.887977706631369,0.7482,10
volkert,prototype,1.0,1,0.6083,1.1789465237614818,0.5069117555193676,0.4869521618769249,0.5356752228545086,0.5559281318918586,0.9018261267420934,0.7882,10
volkert,prototype,1.0,2,0.6063,1.1483256990903437,0.510494054769556,0.49078919606580007,0.5342127954402489,0.5483274097748452,0.9039863376132921,0.7906,10
volkert,prototype,1.0,3,0.6152,1.134965285863797,0.5160605914851712,0.4879390681197526,0.542882659094425,0.5634990903006546,0.9043309711483939,0.7956,10
volkert,prototype,1.0,4,0.6075,1.1887474078969011,0.5061365981959556,0.4838655603448986,0.5345713561811462,0.5408367017331109,0.8972967739112588,0.7822,10
volkert,stratified_coreset,1.0,1,0.5708,1.2221641231367786,0.42695093616111424,0.4056248533364667,0.49997759961196075,0.502591109544024,0.8888071701058351,0.7519,10
volkert,stratified_coreset,1.0,2,0.5781,1.194149482145623,0.4520561164916601,0.4315293629345217,0.5069952497806628,0.5066045921517361,0.8935159490500327,0.7573,10
volkert,stratified_coreset,1.0,3,0.5618,1.2511197606268254,0.4258063502017416,0.403289557967413,0.49307726329326834,0.49507928206927937,0.8858283874737485,0.7401,10
volkert,stratified_coreset,1.0,4,0.5563,1.2408988582110385,0.430286839491445,0.4118798075779222,0.48434880561885024,0.4951783801182755,0.8884336283558272,0.7377,10
mozilla4,random,0.1,1,0.9372788678031522,0.180588616804096,0.9251849320672445,0.9058471180741464,0.8596313431051875,0.9735932879951332,0.9608085464299077,,2
mozilla4,stratified,0.1,1,0.9404953361209392,0.17989609584810978,0.9291524319303996,0.9102401690832354,0.8669840554565019,0.9725756599339868,0.9599786958123956,,2
mozilla4,coreset,0.1,1,0.9369572209713735,0.18126174282236343,0.924544067679079,0.904109589041096,0.8595533644116394,0.9746906138231308,0.9625240398815892,,2
mozilla4,prototype,0.1,1,0.8758443229334191,0.3789017441799275,0.8631469783803805,0.8740685278450044,0.729277063612038,0.9224977425771868,0.9203887264090348,,2
mozilla4,stratified_coreset,0.1,1,0.9369572209713735,0.2864189562221909,0.924544067679079,0.904109589041096,0.8595533644116394,0.9328475880701007,0.9187674702308672,,2
mozilla4,random,0.1,2,0.9369572209713735,0.18299286879684368,0.924544067679079,0.904109589041096,0.8595533644116394,0.9758034869239377,0.9623651023904387,,2
mozilla4,stratified,0.1,2,0.9369572209713735,0.18365775523897374,0.924544067679079,0.904109589041096,0.8595533644116394,0.9751753239425508,0.9608399588544123,,2
mozilla4,coreset,0.1,2,0.9369572209713735,0.19931875264345159,0.924544067679079,0.904109589041096,0.8595533644116394,0.9639141537262761,0.9460001669078077,,2
mozilla4,prototype,0.1,2,0.8256674171759408,0.39697218078992,0.814053218264271,0.8384419156140379,0.6439461976397658,0.9172795777407026,0.9145933685089975,,2
mozilla4,stratified_coreset,0.1,2,0.9369572209713735,0.26867256644841364,0.924544067679079,0.904109589041096,0.8595533644116394,0.9415865584111797,0.9162544762704918,,2
mozilla4,random,0.1,3,0.9401736892891605,0.17649011307198212,0.9290934639945853,0.911748199880539,0.8654001892332331,0.9729845435467422,0.9616205810454618,,2
mozilla4,stratified,0.1,3,0.9369572209713735,0.18315491070025625,0.924544067679079,0.904109589041096,0.8595533644116394,0.9749785895180915,0.9609956144504654,,2
mozilla4,coreset,0.1,3,0.927629462849791,0.19504413408509522,0.9146601956316122,0.8996584016045654,0.8349491065418811,0.9722601475961367,0.9561838873953661,,2
mozilla4,prototype,0.1,3,0.9064007719523963,0.3228099210104975,0.8942463236261049,0.8953305196552697,0.7885208403377361,0.915369343434969,0.9184088059809257,,2
mozilla4,stratified_coreset,0.1,3,0.9353489868124799,0.28397168282862917,0.9228829299770058,0.9036606726759728,0.855000197753763,0.9417937010431718,0.9250733972396449,,2
mozilla4,random,0.1,4,0.9395303956256031,0.18538241843355013,0.9291301501079128,0.9157628952691014,0.8624177460354574,0.9739683505478073,0.9586650000890801,,2
mozilla4,stratified,0.1,4,0.944033451270505,0.17451438506980801,0.9335476158186761,0.9153721153314198,0.8749201714563251,0.972755291216536,0.9625788944139332,,2
mozilla4,coreset,0.1,4,0.9366355741395948,0.18689214598270318,0.9242299912276111,0.9041196691474668,0.8585823731302212,0.9713407342298708,0.9559475909483458,,2
mozilla4,prototype,0.1,4,0.8932132518494693,0.34859359504136445,0.880807938038807,0.8867560998708809,0.7624768902611359,0.9161847540135757,0.9161743042616814,,2
mozilla4,stratified_coreset,0.1,4,0.9260212286908974,0.3044548337808678,0.9124252809709824,0.896213583857577,0.8315547714236778,0.9160668171589235,0.9035708894029483,,2
mozilla4,random,0.25,1,0.9411386297844966,0.16550660829204406,0.9310746320478059,0.9179594207736459,0.86611349218925,0.9798687889832771,0.9686107831820692,,2
mozilla4,stratified,0.25,1,0.9372788678031522,0.1809167564686397,0.9269306510404206,0.9158334560136976,0.8567047070042662,0.9749847910383553,0.9618414057013082,,2
mozilla4,coreset,0.25,1,0.9376005146349309,0.17851241232278497,0.9254995632342014,0.9058370379677756,0.8605866839648945,0.9751283852222019,0.9617570141130866,,2
mozilla4,prototype,0.25,1,0.9392087487938244,0.24617048292062,0.9294949164073425,0.9200171689997816,0.8610204056437823,0.9400778376094435,0.9341478371842465,,2
mozilla4,stratified_coreset,0.25,1,0.938565455130267,0.23351211640598177,0.927598773973604,0.9122979173093712,0.8607577017061179,0.9641965270491175,0.9491995457857185,,2
mozilla4,random,0.25,2,0.9430685107751688,0.16451491998092704,0.9328262585166047,0.9169003063414652,0.8715772001548768,0.9797962958730579,0.9688238719423287,,2
mozilla4,stratified,0.25,2,0.9411386297844966,0.16675125808037367,0.9304251517062527,0.9139648855978253,0.8672669950193148,0.9797488471005875,0.9677103718199608,,2
mozilla4,coreset,0.25,2,0.9369572209713735,0.18982643918711642,0.924544067679079,0.904109589041096,0.8595533644116394,0.972888001995639,0.955909614733646,,2
mozilla4,prototype,0.25,2,0.9302026375040205,0.2612192872159039,0.9194043558607101,0.9118110247295484,0.8401457898476062,0.9421248316909946,0.9285845561518186,,2
mozilla4,stratified_coreset,0.25,2,0.938565455130267,0.22341490329655944,0.9274700524292419,0.9115489419639048,0.8609918470135351,0.9688564974887351,0.9525752093145808,,2
mozilla4,random,0.25,3,0.9482148600836282,0.1597112300135924,0.9393956014352332,0.9262260456821044,0.8826625956357751,0.9807322545035151,0.9700137933362527,,2
mozilla4,stratified,0.25,3,0.9408169829527179,0.16892561652589053,0.9298981220417943,0.9127266734617523,0.8668326317212921,0.9796091269813266,0.9680502823836311,,2
mozilla4,coreset,0.25,3,0.9376005146349309,0.1748086397182858,0.9256830086684633,0.9068356717617306,0.860109783327143,0.9763978396403401,0.9642123404881772,,2
mozilla4,prototype,0.25,3,0.946284979092956,0.2532966507429899,0.9374579074996714,0.9262865263203298,0.877684565318355,0.9405273824898035,0.932904467784449,,2
mozilla4,stratified_coreset,0.25,3,0.9350273399807012,0.22068156353801766,0.9237200889291385,0.9099122139945632,0.8519887744511179,0.9725386979447433,0.9573827167902691,,2
mozilla4,random,0.25,4,0.9466066259247347,0.16099026690648338,0.9371309552697565,0.9217825941411608,0.8796480643246484,0.9811197728671748,0.9699153364833275,,2
mozilla4,stratified,0.25,4,0.9424252171116114,0.1679894941275648,0.9328881973233714,0.9214143186270052,0.8687545601202895,0.9803316157242075,0.9678378968866067,,2
mozilla4,coreset,0.25,4,0.9424252171116114,0.17293591249003637,0.9317414084492531,0.9141742236208305,0.870813455265369,0.9769038348454995,0.9643529931352132,,2
mozilla4,prototype,0.25,4,0.9359922804760373,0.27653308882473954,0.9255990851933531,0.9153744595422038,0.8536095670708796,0.9401144975955632,0.9288269475468772,,2
mozilla4,stratified_coreset,0.25,4,0.9382438082984883,0.21926180603157347,0.9276222809612726,0.9143052650036523,0.8593941808679405,0.9709080318275088,0.9538935934594643,,2
mozilla4,random,0.5,1,0.9427468639433901,0.1590279164314032,0.9332819748656964,0.9219035554176118,0.869486414509463,0.9831095433237892,0.9718713459614405,,2
mozilla4,stratified,0.5,1,0.9379221614667096,0.16893827200580339,0.9279628118942871,0.9183098802858436,0.8580468719943166,0.9802556505030309,0.968768079725671,,2
mozilla4,coreset,0.5,1,0.9372788678031522,0.17016981014117344,0.9250458530144301,0.9050981427286802,0.8600021726006064,0.9797201145369133,0.96800668006305,,2
mozilla4,prototype,0.5,1,0.9433901576069476,0.16207626948628004,0.933576891851472,0.919636469168471,0.8716148453796865,0.9760131250380468,0.966581399906419,,2
mozilla4,stratified_coreset,0.5,1,0.9369572209713735,0.1707508640182589,0.9278041692652699,0.923333289574732,0.8560482048378463,0.9826102515616693,0.9715440941360034,,2
mozilla4,random,0.5,2,0.9446767449340624,0.15587926841763056,0.9348585801590248,0.9195961487429873,0.8750881263637869,0.9830094836106216,0.9733219435945378,,2
mozilla4,stratified,0.5,2,0.9446767449340624,0.15676758360646206,0.9351241205479026,0.9213437578824087,0.8745761055698674,0.9822789260512057,0.9722290725270687,,2
mozilla4,coreset,0.5,2,0.9404953361209392,0.1683736500597876,0.9292821542025641,0.9109891444287017,0.8666404472898332,0.9796703529846604,0.9679401044767862,,2
mozilla4,prototype,0.5,2,0.9475715664200708,0.15428355579609973,0.9387829257989391,0.926495864343335,0.8809235298177135,0.9784305083469262,0.9718169602712533,,2
mozilla4,stratified_coreset,0.5,2,0.9398520424573817,0.18182047647232627,0.9308453422785805,0.9247405193083265,0.8625103487453409,0.9800088241720413,0.9687315100374417,,2
mozilla4,random,0.5,3,0.9427468639433901,0.1553763600255292,0.9325066834484643,0.9169103864478361,0.8706888205947616,0.9842272515690823,0.9742047733757666,,2
mozilla4,stratified,0.5,3,0.9507880347378578,0.14892559726572469,0.9424400337607886,0.9293909646614913,0.8886340303091631,0.9832526348114338,0.9746445473188323,,2
mozilla4,coreset,0.5,3,0.9372788678031522,0.16745933985157324,0.9251849320672445,0.9058471180741464,0.8596313431051875,0.9797378171871911,0.96858148054727,,2
mozilla4,prototype,0.5,3,0.9491798005789643,0.15911088983918997,0.9403007675966302,0.9256964884660142,0.8853927748932575,0.9769125663719325,0.9680615345953939,,2
mozilla4,stratified_coreset,0.5,3,0.9382438082984883,0.17583511087036846,0.9293883847034664,0.9255398951856474,0.8590995584398153,0.9821045097544517,0.9707737864724034,,2
mozilla4,random,0.5,4,0.9485365069154069,0.15959283494156892,0.9401968751953604,0.9297111838545764,0.8827972342489315,0.9816093903542286,0.9710921302968615,,2
mozilla4,stratified,0.5,4,0.9430685107751688,0.15740397959923202,0.9340443640294025,0.9248893766931062,0.8699470804620196,0.9849021650833675,0.9744002805551466,,2
mozilla4,coreset,0.5,4,0.9437118044387263,0.1618178326411508,0.9336245966023651,0.9178787799226786,0.8730143355887009,0.9803824645464995,0.969209260195207,,2
mozilla4,prototype,0.5,4,0.9466066259247347,0.16428035651600104,0.9375314101676467,0.9245288370745375,0.8788594538102793,0.9753380166611705,0.9643323640803145,,2
mozilla4,stratified_coreset,0.5,4,0.9302026375040205,0.18275582559193795,0.920380054469171,0.9175531690447903,0.8409388572344464,0.9816756620382402,0.9696232478196496,,2
mozilla4,random,1.0,1,0.9456416854293985,0.1520904878282106,0.9370946529598991,0.9283039541209819,0.8758793780066401,0.9863003310254432,0.9767580877616258,,2
mozilla4,stratified,1.0,1,0.9456416854293985,0.15370512308648981,0.9369208041975883,0.9270556618785379,0.8759864208608863,0.9840431504413396,0.9737532783787813,,2
mozilla4,coreset,1.0,1,0.9472499195882921,0.1486398891701397,0.9382130254381883,0.9247583353102844,0.8804932654001003,0.9862024145044768,0.9763684799293361,,2
mozilla4,prototype,1.0,1,0.9475715664200708,0.15245797658387986,0.9390244357317454,0.9282434734827565,0.8806056989595389,0.9847967887878954,0.9745906304708019,,2
mozilla4,stratified_coreset,1.0,1,0.9446767449340624,0.14740326712215637,0.9357474827577921,0.925587951506718,0.8737841683432878,0.9863524339156455,0.9770595532684394,,2
mozilla4,random,1.0,2,0.9472499195882921,0.14560554399194092,0.9382485849431361,0.9250079937587732,0.8804296383263376,0.9858098484220561,0.9777154634457835,,2
mozilla4,stratified,1.0,2,0.949501447410743,0.1475101406407361,0.941036315033334,0.9286823097415086,0.8854396139323352,0.9854194162257528,0.9764219279352098,,2
mozilla4,coreset,1.0,2,0.9437118044387263,0.15398196616996943,0.933819498345533,0.9191270721651225,0.8726163678628154,0.9837547867466631,0.9744241915051428,,2
mozilla4,prototype,1.0,2,0.9466066259247347,0.1506788922695701,0.9374234304144337,0.9237798617290711,0.8790473544568005,0.9842677218347269,0.9753220242353888,,2
mozilla4,stratified_coreset,1.0,2,0.9449983917658411,0.14832912587297867,0.935741799612521,0.9233309453639481,0.8749523132044312,0.9858134280327933,0.9771519151733263,,2
mozilla4,random,1.0,3,0.9482148600836282,0.14590782506397643,0.9395340555437374,0.9272246794760595,0.882428891189254,0.986939047003136,0.9777871962957718,,2
mozilla4,stratified,1.0,3,0.9491798005789643,0.14442173145489431,0.940911396083775,0.9301903405388121,0.8843325618296184,0.986022332150698,0.9773497665634902,,2
mozilla4,coreset,1.0,3,0.946284979092956,0.1433647772402091,0.9372449154110585,0.9247885756293972,0.8779649844643954,0.9871212261321108,0.9784913972152651,,2
mozilla4,prototype,1.0,3,0.9485365069154069,0.1476146566259202,0.9399948274730663,0.9282132331636437,0.8830522312050627,0.9851054809822376,0.9760203646279222,,2
mozilla4,stratified_coreset,1.0,3,0.9469282727565134,0.13961094580204275,0.938515932569782,0.9292622674894534,0.8789004311225356,0.9884826412993583,0.9803437925767283,,2
mozilla4,random,1.0,4,0.9472499195882921,0.14671416669854775,0.93877004987972,0.928752870486105,0.8797385423881242,0.9861601096600912,0.9768898324076826,,2
mozilla4,stratified,1.0,4,0.9482148600836282,0.14596162967718349,0.9401052632208726,0.9314688731003689,0.8818222770899729,0.9864158223572015,0.977273345291934,,2
mozilla4,coreset,1.0,4,0.9482148600836282,0.14651145338956828,0.9394303623234441,0.9264757041305931,0.8826008346246299,0.9866485447580406,0.9775295675306178,,2
mozilla4,prototype,1.0,4,0.949501447410743,0.14383371780960647,0.9411365753059737,0.9294312850869749,0.8852817065948608,0.9868309107459111,0.9776235703830534,,2
mozilla4,stratified_coreset,1.0,4,0.9478932132518495,0.14245617874334973,0.9394830942253622,0.9292320271703407,0.8812659018177569,0.9871418410706027,0.978540156799571,,2
adult,random,0.1,1,0.8464530658204524,0.32250463905276994,0.7804960341736824,0.7699412582643698,0.563097509902005,0.7635114283247654,0.9031496957639022,,2
adult,stratified,0.1,1,0.8553587880028662,0.32132776503867666,0.7906911428911132,0.7766745475540642,0.585014910668497,0.772229258025564,0.9053447980329785,,2
adult,coreset,0.1,1,0.8527996724332071,0.3137647416910644,0.7895013107785206,0.7785101404550032,0.581176712422632,0.7808601141581804,0.9096128062232994,,2
adult,prototype,0.1,1,0.7625140751356331,0.5979838776870037,0.6699730981844624,0.6680104235844593,0.34009579063142753,0.47162817203193974,0.7642547248774842,,2
adult,stratified_coreset,0.1,1,0.8249564950353158,0.4170396587381699,0.6881041876402179,0.6586338252614098,0.45475004955105364,0.7264855968994584,0.8625869548175118,,2
adult,random,0.1,2,0.8482956290306071,0.3243089738544795,0.7575290369103185,0.7268875652006443,0.5439678648174755,0.7691101077242838,0.9021383382378791,,2
adult,stratified,0.1,2,0.8555635172484389,0.31659817577667543,0.7910562071100704,0.7771022635506425,0.5857021056712967,0.771739261079819,0.9071725630001892,,2
adult,coreset,0.1,2,0.8487050875217524,0.31466301377561695,0.7873625644071947,0.7809487432655308,0.575438432019907,0.7776836636701956,0.9071654833248319,,2
adult,prototype,0.1,2,0.7343638038693827,0.6352173960899529,0.6292290926021679,0.6272278673519793,0.25871250434302795,0.41020541967084045,0.6964327300183646,,2
adult,stratified_coreset,0.1,2,0.8211690039922203,0.3837489526269725,0.6610812926039058,0.6356241320922374,0.4437935655830583,0.7534606411483457,0.8837451689849437,,2
adult,random,0.1,3,0.8541304125294298,0.3185325631214893,0.7934158774975331,0.7848080297102318,0.5881025894408598,0.7768533451106983,0.9055703115943557,,2
adult,stratified,0.1,3,0.8470672535571706,0.33233875481038283,0.7645616718700637,0.739418216453649,0.5455690337680338,0.7537220463736634,0.8950491657552305,,2
adult,coreset,0.1,3,0.8501381922407616,0.3351015750906479,0.7706548623975615,0.745980528705551,0.5562557993052002,0.7626978448409785,0.8930434591915425,,2
adult,prototype,0.1,3,0.7450097246391647,0.6156266415765267,0.6612349162184721,0.6670577755613981,0.32365111206928987,0.49989255514623615,0.7170239370155244,,2
adult,stratified_coreset,0.1,3,0.8232162964479476,0.38255318216072426,0.6930207487976752,0.6642322943938526,0.4489375798440678,0.713275616227464,0.8653693535703839,,2
adult,random,0.1,4,0.8540280479066434,0.3228399660207184,0.7704341177636932,0.7407690530467987,0.5644193299592715,0.7722687483109899,0.9030182900822729,,2
adult,stratified,0.1,4,0.8540280479066434,0.3215238730292548,0.7818579647417327,0.7609960308922498,0.5730018272124683,0.7739295314826118,0.906508483695853,,2
adult,coreset,0.1,4,0.8510594738458389,0.32574894236511465,0.7664453226534709,0.7377917617674277,0.5552437988316095,0.7734915829955227,0.9054809234981793,,2
adult,prototype,0.1,4,0.7528918005937149,0.6008353299686103,0.6651343247467886,0.667401888074592,0.33045676805240737,0.48860874148675826,0.7497760692928693,,2
adult,stratified_coreset,0.1,4,0.8272085167366158,0.3765797572312402,0.6792447310390309,0.6497074770235756,0.4669754006337418,0.7675125754064648,0.8830286828154637,,2
adult,random,0.25,1,0.8556658818712253,0.30968921690331463,0.7918539448090609,0.7786352722779828,0.5868871744763781,0.7831847058822712,0.9102786410568908,,2
adult,stratified,0.25,1,0.8577131743269526,0.3143170393014394,0.7932450129373843,0.7780755462372446,0.590735228091265,0.78238678421559,0.9102044483614811,,2
adult,coreset,0.25,1,0.8566895280990889,0.3058842405244757,0.797516892592132,0.7894216181513207,0.5961267773775487,0.7918082915991831,0.913306957801336,,2
adult,prototype,0.25,1,0.8055072167059064,0.49294548914254716,0.7230257051532669,0.7154713872330315,0.44759628285259995,0.5973775496703735,0.8303687048879345,,2
adult,stratified_coreset,0.25,1,0.8499334629951889,0.3544530311275829,0.7594718487744974,0.7281107086248519,0.5490904322176919,0.7668342697513089,0.8856826689201905,,2
adult,random,0.25,2,0.8575084450813799,0.3111536417243262,0.7825748935902415,0.7572742800919874,0.5796179828608503,0.7837727329038172,0.909518295435198,,2
adult,stratified,0.25,2,0.8568942573446617,0.30941203816099755,0.786666193044959,0.7659580487217502,0.5821653457048934,0.7854092211222553,0.9103137516419954,,2
adult,coreset,0.25,2,0.8592486436687481,0.3007634385619294,0.7919532837263981,0.7727822226243631,0.5910752115730417,0.7953904063826163,0.9157052409973294,,2
adult,prototype,0.25,2,0.7885146893233699,0.49757822982205446,0.6870230544143329,0.675134073510514,0.38002928283255544,0.566208917615956,0.8026011533078949,,2
adult,stratified_coreset,0.25,2,0.8505476507319071,0.36604082520377,0.7525880974508772,0.7175215000531263,0.5493759381786075,0.7730398646029506,0.885980792322731,,2
adult,random,0.25,3,0.8566895280990889,0.3104134104354701,0.7910621290048896,0.7752041047382137,0.5868639732021249,0.7843722087267417,0.9097776532982826,,2
adult,stratified,0.25,3,0.8569966219674481,0.312245914835216,0.7934011375424915,0.7796565586170068,0.5902282141232916,0.7860422287625022,0.9102011675363155,,2
adult,coreset,0.25,3,0.8580202681953117,0.30791889377703147,0.7828375476130607,0.757024419354382,0.5808197023902477,0.7874175619212495,0.9104222491058024,,2
adult,prototype,0.25,3,0.7971133176374245,0.4864178331076194,0.7198202476767641,0.7186017261284571,0.4396775782151148,0.5778357633258563,0.8218003982806634,,2
adult,stratified_coreset,0.25,3,0.8450199611014434,0.35345337777986024,0.7374509864067738,0.7021622882615874,0.5297628742253929,0.7684370889241042,0.8861388475140382,,2
adult,random,0.25,4,0.8564847988535162,0.3139744986593609,0.779879851867833,0.7538165493800448,0.5756101932781147,0.7855256993082363,0.9084225286090833,,2
adult,stratified,0.25,4,0.8537209540382844,0.31258872109067654,0.7843756366157542,0.7663639213297264,0.5753041765444559,0.7815466697468063,0.9096571261422021,,2
adult,coreset,0.25,4,0.8578155389497389,0.3112418162062403,0.783321474343359,0.7582089986933107,0.5807788874562381,0.7882637160339983,0.9113643063949958,,2
adult,prototype,0.25,4,0.8207595455010749,0.5141385701253481,0.7221369075118889,0.7005796642484108,0.46123595954587304,0.6253177678559384,0.8376950177158804,,2
adult,stratified_coreset,0.25,4,0.8539256832838571,0.3564213651705662,0.7760791487232804,0.7505221116680072,0.5677339066936946,0.7668484482233152,0.8880857294580917,,2
adult,random,0.5,1,0.8553587880028662,0.3081325376477732,0.7894387419161923,0.774036246095962,0.5833698523348156,0.7886256243329746,0.9117838778869967,,2
adult,stratified,0.5,1,0.8592486436687481,0.309568212835945,0.7977793991707711,0.7852408683987351,0.5983011546308924,0.7878941300492444,0.9132960504966191,,2
adult,coreset,0.5,1,0.8595557375371071,0.3064098663796477,0.7860907709783833,0.7608185785416306,0.5862415016529372,0.7887575553747286,0.9125204806949916,,2
adult,prototype,0.5,1,0.8501381922407616,0.37578078739217446,0.7774503064509182,0.7582926021766951,0.5627906288064306,0.7531188483658631,0.8876765760249498,,2
adult,stratified_coreset,0.5,1,0.8574060804585935,0.3295805325294802,0.7823787836130702,0.7570604220936983,0.579271113707677,0.7769023701605755,0.9008429878808621,,2
adult,random,0.5,2,0.8595557375371071,0.30795223242890224,0.7879430232706788,0.7643363138191004,0.5877141557674226,0.7896923069724391,0.9112879552619773,,2
adult,stratified,0.5,2,0.8601699252738254,0.30584988112108014,0.7879542604425478,0.7634208772604165,0.5888463746355523,0.791984418319811,0.9135974547243251,,2
adult,coreset,0.5,2,0.8618077592384072,0.3009147130468197,0.7945657111204297,0.7738780757879823,0.5974944913755957,0.7975591861286374,0.9154438685924764,,2
adult,prototype,0.5,2,0.8537209540382844,0.38241904993060183,0.7802748085941553,0.7584490169554196,0.5709662527698943,0.7554445664652755,0.8865157682788872,,2
adult,stratified_coreset,0.5,2,0.8558706111167981,0.33857954328959267,0.7765247122145298,0.7487225215063846,0.5720837172973858,0.7749339851585264,0.8956360881098406,,2
adult,random,0.5,3,0.8581226328180981,0.30560846863754115,0.7943177219481783,0.7796638397465407,0.592548321088233,0.7912623306841988,0.9129552763669271,,2
adult,stratified,0.5,3,0.8615006653700481,0.3071067141439614,0.7985811901634277,0.7829102738061566,0.6015748496475102,0.7947804212003184,0.913553077247086,,2
adult,coreset,0.5,3,0.8596581021598936,0.3019181284279459,0.7945288675740424,0.7774485345014452,0.594517370747248,0.7938142066294943,0.9136742375448653,,2
adult,prototype,0.5,3,0.853618589415498,0.3667469908452806,0.7841138736121764,0.7660034910282094,0.5748725309900885,0.757264046747378,0.891851167035558,,2
adult,stratified_coreset,0.5,3,0.8449175964786569,0.3287723665672943,0.7414432821978654,0.7073716054827308,0.5295752708806294,0.7788269391162286,0.9023394470646918,,2
adult,random,0.5,4,0.8595557375371071,0.3064707177939211,0.7882471190821507,0.764922603032012,0.5879725173863043,0.7921474406121946,0.9134177863777605,,2
adult,stratified,0.5,4,0.8580202681953117,0.30750398063157847,0.7939989763501616,0.7791568371417957,0.5920283168956069,0.7892692933620267,0.9121856062947638,,2
adult,coreset,0.5,4,0.8627290408434845,0.3010119903728197,0.7973764952831233,0.7781479546242309,0.6017252056664392,0.7962474786038088,0.9149836896942606,,2
adult,prototype,0.5,4,0.8508547446002661,0.3748520889264089,0.7831710379917176,0.7684373740551655,0.5705837561343464,0.7632614321901097,0.8915502808328784,,2
adult,stratified_coreset,0.5,4,0.8584297266864571,0.33061787272179594,0.7786008991140366,0.7489389408506362,0.5791602146279716,0.7835608595086933,0.9025482974877282,,2
adult,random,1.0,1,0.8609888422561163,0.30479172010830513,0.7940641978528273,0.7742192240468598,0.5957692305082982,0.7933403715288209,0.9134879212104656,,2
adult,stratified,1.0,1,0.8648786979219981,0.30256715058966455,0.8029354925906651,0.7863032801690004,0.6107668153580676,0.7968300663262531,0.9154773099858304,,2
adult,coreset,1.0,1,0.8619101238611936,0.30337654937345576,0.7922059522900811,0.7689619031732947,0.5954919409703415,0.7964819059103819,0.9151007633501668,,2
adult,prototype,1.0,1,0.8623195823523391,0.30731889384751404,0.7974660397400356,0.7790513902698093,0.6012619279959073,0.7896625438069073,0.9121779798152125,,2
adult,stratified_coreset,1.0,1,0.8597604667826799,0.31187672188547383,0.7828843176624294,0.7546505408929531,0.5845555355615507,0.7888523224933599,0.9103115644252184,,2
adult,random,1.0,2,0.8637526870713481,0.30219879018012213,0.7931999282702922,0.7679744611359782,0.5997064300194022,0.7982274966552455,0.9152475946659077,,2
adult,stratified,1.0,2,0.8599651960282526,0.3031795532266986,0.7894670178870593,0.766657468844536,0.5897435347328178,0.7962910909047014,0.9153844108311436,,2
adult,coreset,1.0,2,0.8640597809397073,0.30100906819174705,0.7945960392402738,0.7702283304663526,0.6013504311993694,0.7992714446224883,0.9158383158707095,,2
adult,prototype,1.0,2,0.8610912068789026,0.3175327705221745,0.7962139124929822,0.7785371065355304,0.5982553950892567,0.7827109640010512,0.9098904964164756,,2
adult,stratified_coreset,1.0,2,0.8570989865902344,0.31936674211131666,0.780821878179383,0.754659980460096,0.5775229429715086,0.7869168177671672,0.9042712775038193,,2
adult,random,1.0,3,0.8595557375371071,0.3020297477307878,0.7939263770931058,0.7763552426837886,0.5936859860728364,0.7965978460295768,0.9147985245265856,,2
adult,stratified,1.0,3,0.8639574163169209,0.30099110320190914,0.7987054137293379,0.7788088106617378,0.6048729694740095,0.7985551989768563,0.9157292428235402,,2
adult,coreset,1.0,3,0.8597604667826799,0.29907987291816246,0.7978909060640536,0.784551290751446,0.5989107239635771,0.7994349612176073,0.9158753834392465,,2
adult,prototype,1.0,3,0.8598628314054663,0.312990806966742,0.7991821066888224,0.7872568779046095,0.6008090513616579,0.7864437443917629,0.9103974414628843,,2
adult,stratified_coreset,1.0,3,0.8563824342307299,0.31513607524250675,0.7720469067648059,0.7405577563944721,0.5711270462200707,0.7890758644611618,0.9093898540078849,,2
adult,random,1.0,4,0.8603746545193981,0.30191448653317443,0.7914158005162966,0.769858057689339,0.5922056364473969,0.7968729076052397,0.91592672547517,,2
adult,stratified,1.0,4,0.8625243115979118,0.3024427474921985,0.8017121552652834,0.7879802998536061,0.6066814226762671,0.7963282920273105,0.9147643924331971,,2
adult,coreset,1.0,4,0.8617053946156208,0.29895865298258295,0.7953732234374231,0.7757162300348839,0.5981636462547641,0.7989745480445016,0.9165309728889875,,2
adult,prototype,1.0,4,0.8623195823523391,0.3080862987497175,0.8002369309235524,0.7850608547021535,0.6045493986465268,0.7881845336262164,0.9120527040963922,,2
adult,stratified_coreset,1.0,4,0.8594533729143208,0.3109554525571062,0.7799477948386344,0.7499049424077043,0.5823124679024034,0.7934967817397994,0.9110754211054215,,2
numerai28.6,random,0.1,1,0.506,0.693918321264115,0.35141728976559067,0.5009769056621164,0.007556625843912971,0.5135437580387892,0.5058938774817884,,2
numerai28.6,stratified,0.1,1,0.5059,0.6930758665464668,0.39976657589062414,0.5015810510064769,0.005678046655467422,0.5101898481336534,0.5018915245872994,,2
numerai28.6,coreset,0.1,1,0.4948,0.6941646268695149,0.331014182499331,0.5,0.0,0.5029582776917465,0.4987136008630694,,2
numerai28.6,prototype,0.1,1,0.4973,0.6934851855958946,0.4951999054064673,0.49668292122475965,-0.0066809521702309626,0.5072087710924909,0.49972120984605695,,2
numerai28.6,stratified_coreset,0.1,1,0.5038,0.6931147660368484,0.3389285398538161,0.49866017508453714,-0.017643050840646244,0.505876636508194,0.5031486605591261,,2
numerai28.6,random,0.1,2,0.5052,0.6943132446369896,0.34009065564634067,0.5000520056249284,0.0007372763261905843,0.5141468870411432,0.5114875824969228,,2
numerai28.6,stratified,0.1,2,0.5059,0.6933212164710446,0.5049546167821226,0.5055001949010806,0.011032549500695595,0.5118596665752999,0.50593128152741,,2
numerai28.6,coreset,0.1,2,0.4949,0.6979973004226077,0.3314093648355874,0.5000968904796743,0.005594511161488744,0.5125689513590246,0.5077652398883463,,2
numerai28.6,prototype,0.1,2,0.5056,0.6932832651874152,0.4152925134025032,0.5015670494920731,0.004964839646276258,0.5080472868200248,0.5008963569499677,,2
numerai28.6,stratified_coreset,0.1,2,0.5052,0.6931246986041193,0.3356364602710603,0.5,0.0,0.49982624809940446,0.4983040965710851,,2
numerai28.6,random,0.1,3,0.507,0.6931546928800428,0.46042470201543745,0.5039989925310322,0.00979368716006696,0.5144352243980628,0.5088753399567697,,2
numerai28.6,stratified,0.1,3,0.5039,0.6958568606167442,0.5036575813993313,0.5041843725817384,0.008380794137874351,0.5125353287647368,0.5101202946110651,,2
numerai28.6,coreset,0.1,3,0.5142,0.693034158200771,0.5041163244701833,0.5157388223110212,0.03294834438614165,0.5237028740446004,0.5154380697816275,,2
numerai28.6,prototype,0.1,3,0.5071,0.6931626629088605,0.5019895713645761,0.5061012199079452,0.01243359460731038,0.5091162190849801,0.5035316019780699,,2
numerai28.6,stratified_coreset,0.1,3,0.5044,0.6931914570323574,0.382982753994477,0.4998406227617579,-0.0006628548729988309,0.4969471699403647,0.49678265201164157,,2
numerai28.6,random,0.1,4,0.5053,0.6935433463748514,0.33907616956764397,0.500138494979617,0.002280943961399866,0.4916837900763764,0.48339116358825374,,2
numerai28.6,stratified,0.1,4,0.5143,0.6921351192745511,0.46865327256471306,0.5113070629719311,0.02765797874009273,0.5193046234971234,0.5200326667332339,,2
numerai28.6,coreset,0.1,4,0.5007,0.694501706112276,0.4301310736194754,0.5044143174525757,0.012612704244488588,0.5140673273835836,0.5051817204548844,,2
numerai28.6,prototype,0.1,4,0.4985,0.6934877481842049,0.40073951492211785,0.5027549379740912,0.009582979673999473,0.5123408923231239,0.5081899658267038,,2
numerai28.6,stratified_coreset,0.1,4,0.5053,0.6929996999176025,0.34414407162121735,0.5001988215045339,0.00204951369851955,0.5161622335799169,0.5157349618934784,,2
numerai28.6,random,0.25,1,0.5073,0.6930812804392085,0.49749302872292933,0.5059018383428352,0.012254746101285928,0.5130048624196749,0.5076257448005576,,2
numerai28.6,stratified,0.25,1,0.5125,0.6943907383815652,0.5124991761236077,0.5125689594586551,0.025138683730424344,0.5148696513364898,0.5160654776420618,,2
numerai28.6,coreset,0.25,1,0.4959,0.6935502260731606,0.34292999649697353,0.500972185151546,0.008819834038799152,0.5095233103640694,0.5025307737284865,,2
numerai28.6,prototype,0.25,1,0.5096,0.6929528005549737,0.39026379595302263,0.50505366660458,0.02082989774320554,0.5119514931015838,0.5114830220036599,,2
numerai28.6,stratified_coreset,0.25,1,0.5052,0.6931468334202262,0.3356364602710603,0.5,0.0,0.5012974781236784,0.49308367192995595,,2
numerai28.6,random,0.25,2,0.5066,0.6934639379172275,0.36517004281949933,0.5017454687899043,0.00974206980539949,0.5196481183388239,0.5121041491847759,,2
numerai28.6,stratified,0.25,2,0.5061,0.6935993911829718,0.5035190886657107,0.5054048245858273,0.010907137678225836,0.5097989854041699,0.50421117548074,,2
numerai28.6,coreset,0.25,2,0.4957,0.6955210361114748,0.3355881702758273,0.5008595329670857,0.013789714575252663,0.5137002993413633,0.5087841500936741,,2
numerai28.6,prototype,0.25,2,0.4937,0.6976927930243692,0.43882786469812846,0.49700583615123817,-0.0077579503800501905,0.5026758967777172,0.49797028046553515,,2
numerai28.6,stratified_coreset,0.25,2,0.4971,0.6932707059380468,0.48218800352235713,0.49538870124192635,-0.0097657593367879,0.497541409055923,0.4907815829360104,,2
numerai28.6,random,0.25,3,0.5074,0.6928612809302623,0.5061949378786015,0.5069410707462119,0.0139359491780408,0.515707256998716,0.5117340291525931,,2
numerai28.6,stratified,0.25,3,0.5158,0.6926492066620433,0.4419405917753246,0.5120718656929933,0.0346442178029433,0.5202849448535883,0.5200068239380771,,2
numerai28.6,coreset,0.25,3,0.5113,0.6926961415494255,0.5021869902401656,0.5099480359795716,0.02060473123162135,0.5206396096586761,0.5149737995661612,,2
numerai28.6,prototype,0.25,3,0.4947,0.6936198178039307,0.33149454865093075,0.49989270839534,-0.004056442171275935,0.5153661543615944,0.5143168085060079,,2
numerai28.6,stratified_coreset,0.25,3,0.5052,0.6931227340441501,0.3356364602710603,0.5,0.0,0.5033123454081102,0.496854799815148,,2
numerai28.6,random,0.25,4,0.5051,0.6932644046182641,0.42335997967952727,0.5012386139684868,0.0036986169454290606,0.5069945466260184,0.5055826038144285,,2
numerai28.6,stratified,0.25,4,0.5121,0.6927301736469431,0.5017540168261314,0.5106565926170574,0.02218526841782373,0.5185511121207925,0.5170484039553718,,2
numerai28.6,coreset,0.25,4,0.5041,0.693353708852868,0.4984969623266246,0.5052539282648811,0.010775687121945687,0.5090046248127171,0.5063215837424976,,2
numerai28.6,prototype,0.25,4,0.4983,0.6936199852754514,0.45525583599667485,0.50127765819151,0.0031166985352564527,0.5055558121099148,0.4971692938308207,,2
numerai28.6,stratified_coreset,0.25,4,0.5052,0.6931558679501358,0.3356364602710603,0.5,0.0,0.5073400649670348,0.5019472506146265,,2
numerai28.6,random,0.5,1,0.506,0.6943289626499665,0.4389937756018711,0.5024601060850742,0.006716930921434993,0.5074914879559718,0.5017235864231075,,2
numerai28.6,stratified,0.5,1,0.5153,0.6931885107715591,0.5070587669242351,0.514010875416285,0.028925343782080812,0.5206318737355348,0.5177109956212864,,2
numerai28.6,coreset,0.5,1,0.5007,0.6934749317871406,0.4189456466768957,0.5046556235522434,0.014341412994821211,0.5114362755319196,0.5071051284906976,,2
numerai28.6,prototype,0.5,1,0.5093,0.6930215586614655,0.46359531129175374,0.5063190034634146,0.015424997512658934,0.512940613508096,0.5096165401249799,,2
numerai28.6,stratified_coreset,0.5,1,0.5052,0.6933369801698329,0.3356364602710603,0.5,0.0,0.5019027011473125,0.49823648925867825,,2
numerai28.6,random,0.5,2,0.5098,0.6929075540148356,0.5069067457450639,0.509058419758681,0.018303441365177378,0.5204467450940632,0.5165662318036319,,2
numerai28.6,stratified,0.5,2,0.5128,0.6927410924024839,0.5096301709659513,0.5120192199988352,0.024313702807273022,0.5180263488065556,0.5160170924087149,,2
numerai28.6,coreset,0.5,2,0.4987,0.6948298288372418,0.38295796363277573,0.503258672458013,0.013542653970659782,0.5177487978399773,0.5149058522169758,,2
numerai28.6,prototype,0.5,2,0.4968,0.6934783619273569,0.48740246741959825,0.4982620520235469,-0.003621852675368592,0.5048880139947034,0.5018699422529541,,2
numerai28.6,stratified_coreset,0.5,2,0.5026,0.6931300087554346,0.5020038188918245,0.5022944881718407,0.004596681420663536,0.5099414347188793,0.5046048380592845,,2
numerai28.6,random,0.5,3,0.5108,0.6926318160245339,0.46873095027960265,0.507928377533314,0.019021465503216848,0.5181630714815266,0.5153503802971329,,2
numerai28.6,stratified,0.5,3,0.5174,0.6933196557967677,0.5088420641253195,0.5160830195393934,0.03325131232527295,0.5169566337178249,0.5181098987666506,,2
numerai28.6,coreset,0.5,3,0.5214,0.6922108278086009,0.5187216087481408,0.5206804768003708,0.041762964149856446,0.5273048610972113,0.5257089406790239,,2
numerai28.6,prototype,0.5,3,0.5061,0.6932659987169503,0.5059003788120439,0.5063638083095068,0.012743252403353543,0.5152754534393157,0.5104955752014138,,2
numerai28.6,stratified_coreset,0.5,3,0.5052,0.6931540955098332,0.3356364602710603,0.5,0.0,0.49815603642575135,0.48969890583365494,,2
numerai28.6,random,0.5,4,0.5149,0.6921982040319146,0.48373378836561154,0.5124001411992721,0.028286025595625642,0.5319921579757928,0.5231662056568038,,2
numerai28.6,stratified,0.5,4,0.508,0.6931056199816237,0.48745726674961526,0.5059726460013915,0.012971821533136139,0.5161204862824659,0.5108900378664957,,2
numerai28.6,coreset,0.5,4,0.5094,0.6930907370580534,0.5057956888863584,0.5085668465901272,0.017357509939361464,0.5142475494850709,0.511124463221942,,2
numerai28.6,prototype,0.5,4,0.5061,0.693160471639432,0.47735988967309595,0.5085938095064362,0.019583816962100885,0.511892208728244,0.5123644573397058,,2
numerai28.6,stratified_coreset,0.5,4,0.5052,0.6931760708659154,0.3356364602710603,0.5,0.0,0.5115536307964708,0.5059452430374869,,2
numerai28.6,random,1.0,1,0.5054,0.6933510238597458,0.484748707590162,0.5033723647549719,0.007324343973498838,0.5131717375881477,0.5115225462786055,,2
numerai28.6,stratified,1.0,1,0.5068,0.6938368074011447,0.5067984020268226,0.5068735434424587,0.01374769076207253,0.5174074140298976,0.5142841849774471,,2
numerai28.6,coreset,1.0,1,0.5057,0.6932311576258445,0.49242858607290374,0.5040728405184305,0.008576166042631027,0.5041775741143191,0.5009777257508172,,2
numerai28.6,prototype,1.0,1,0.5085,0.6935665887465707,0.41109168492492126,0.5043248677776988,0.014512704945647931,0.5105367466527291,0.510532499195113,,2
numerai28.6,stratified_coreset,1.0,1,0.5071,0.6930645390277755,0.4269929163699475,0.5032658732368493,0.009669601180027198,0.510958739646253,0.5072643457116321,,2
numerai28.6,random,1.0,2,0.5055,0.6932227507006344,0.5015428433401371,0.5046279405580507,0.009388499527140557,0.5152065576351695,0.5120047384325088,,2
numerai28.6,stratified,1.0,2,0.5065,0.6932787236984315,0.5061265081718049,0.5062687580288684,0.012549325531731482,0.5114718557885556,0.5078488889358274,,2
numerai28.6,coreset,1.0,2,0.505,0.6935865058506323,0.4385616289198606,0.5086326137034982,0.024121991266649958,0.5199020254019153,0.5191756940430677,,2
numerai28.6,prototype,1.0,2,0.4989,0.6944004839854422,0.4358529002930739,0.4954768707783434,-0.012015477055846133,0.5007462533027298,0.49006354527305673,,2
numerai28.6,stratified_coreset,1.0,2,0.4929,0.693265061702435,0.48467977146365915,0.4942669799165478,-0.011883778588863293,0.5021009976037876,0.4972217595055081,,2
numerai28.6,random,1.0,3,0.5119,0.6925746713416097,0.451639422305895,0.5085074001604013,0.022454561971988,0.5239420245193374,0.518798333227722,,2
numerai28.6,stratified,1.0,3,0.5108,0.6929934783148064,0.5047861026216818,0.5097090501308621,0.019859898310870792,0.5216237072080332,0.5161961917801029,,2
numerai28.6,coreset,1.0,3,0.5133,0.6926130179573436,0.5045759339479096,0.5147357538191331,0.030659022632798547,0.5262156672836105,0.5211919521215415,,2
numerai28.6,prototype,1.0,3,0.5071,0.6930110394035203,0.35801286107722624,0.5021425517383961,0.014201992396146702,0.518808146842265,0.5178959156222337,,2
numerai28.6,stratified_coreset,1.0,3,0.5039,0.6933491443955354,0.4339651165742624,0.500298512287089,0.0008276364701050434,0.5055913124392377,0.5008613531639583,,2
numerai28.6,random,1.0,4,0.5116,0.6932339835248003,0.5111945652201761,0.5113557882420563,0.022735688067652186,0.5210367979298476,0.5200478883796071,,2
numerai28.6,stratified,1.0,4,0.511,0.6934678765380999,0.5033887169672759,0.5097676164653969,0.020108043134955456,0.5177014937775977,0.5158389531411718,,2
numerai28.6,coreset,1.0,4,0.5074,0.6930334314478093,0.5065705450862901,0.5078813324449172,0.015829531645377277,0.5136473563977425,0.5083664449146821,,2
numerai28.6,prototype,1.0,4,0.5047,0.6949780026710858,0.49265210595624276,0.5063574076172079,0.013413093913387233,0.5120989322444705,0.5057142380519877,,2
numerai28.6,stratified_coreset,1.0,4,0.5087,0.6929355527082454,0.392533373354664,0.504206614987477,0.0167202642096129,0.5140806012841841,0.5105508611811453,,2
